,0
0,晚
1,风
2,摇
3,树
4,还
5,挺
6,愿
7,景
8,天
9,成
10,无
11,墨
12,迹
13,丹
14,枫
15,江
16,冷
17,人
18,初
19,去
20,忽
21,几
22,晨
23,昏
24,，
25,离
26,别
27,间
28,之
29,疾
30,病
31,不
32,及
33,终
34,年
35,同
36,静
37,好
38,闲
39,来
40,野
41,钓
42,稀
43,处
44,毋
45,负
46,我
47,柳
48,下
49,虽
50,和
51,有
52,介
53,称
54,先
55,生
56,字
57,此
58,可
59,以
60,谥
61,投
62,石
63,向
64,跟
65,命
66,斗
67,深
68,院
69,落
70,滕
71,花
72,点
73,头
74,龙
75,语
76,畏
77,鸿
78,门
79,传
80,汉
81,祚
82,新
83,居
84,创
85,业
86,始
87,本
88,领
89,高
90,强
91,攀
92,月
93,桂
94,豪
95,华
96,超
97,御
98,苑
99,常
100,夸
101,海
102,口
103,信
104,屋
105,后
106,千
107,恶
108,道
109,收
110,佢
111,历
112,史
113,名
114,城
115,九
116,水
117,回
118,澜
119,飞
120,扬
121,吴
122,楚
123,三
124,韵
125,修
126,竹
127,翠
128,萝
129,寒
130,雾
131,萦
132,身
133,香
134,满
135,袖
136,时
137,见
138,流
139,莺
140,鸣
141,岸
142,万
143,险
144,何
145,辞
146,？
147,为
148,圆
149,大
150,漠
151,科
152,研
153,梦
154,披
155,肝
156,沥
157,胆
158,洒
159,情
160,杏
161,坛
162,犹
163,靠
164,良
165,师
166,带
167,张
168,琴
169,邀
170,淡
171,祖
172,光
173,气
174,首
175,开
176,最
177,爱
178,云
179,中
180,腾
181,细
182,浪
183,知
184,诸
185,般
186,事
187,汪
188,洋
189,多
190,瑰
191,宝
192,池
193,布
194,仙
195,境
196,耕
197,岛
198,明
199,遍
200,世
201,上
202,功
203,皆
204,看
205,放
206,倒
207,昆
208,仑
209,当
210,睡
211,枕
212,一
213,举
214,思
215,尽
216,由
217,心
218,宛
219,转
220,客
221,莫
222,问
223,鲈
224,鱼
225,味
226,醉
227,酒
228,非
229,因
230,寂
231,寞
232,媒
233,体
234,曝
235,惊
236,呼
237,物
238,价
239,频
240,涨
241,金
242,蛇
243,狂
244,舞
245,留
246,些
247,厚
248,予
249,建
250,党
251,军
252,辟
253,地
254,锤
255,镰
256,百
257,齐
258,春
259,签
260,令
261,吃
262,得
263,十
264,苦
265,结
266,果
267,潮
268,澎
269,湃
270,渡
271,窗
272,英
273,吉
274,利
275,国
276,色
277,姹
278,紫
279,嫣
280,红
281,碧
282,青
283,欣
284,共
285,赏
286,沐
287,恩
288,马
289,到
290,欲
291,穷
292,里
293,目
294,田
295,边
296,排
297,立
298,白
299,鹭
300,似
301,谙
302,方
303,难
304,治
305,牛
306,皮
307,癣
308,庆
309,钟
310,灵
311,广
312,筑
313,文
314,路
315,松
316,尺
317,鲜
318,市
319,鬼
320,返
321,朴
322,归
323,真
324,性
325,映
326,醒
327,更
328,露
329,重
330,涯
331,望
332,坡
333,前
334,快
335,活
336,室
337,己
338,古
339,寺
340,佛
341,日
342,轮
343,崇
344,法
345,相
346,雄
347,踞
348,北
349,疆
350,根
351,脉
352,雨
353,砚
354,起
355,烈
356,士
357,在
358,铁
359,戈
360,血
361,铸
362,干
363,摧
364,腐
365,西
366,子
367,湖
368,逢
369,暮
370,星
371,灿
372,鹤
373,登
374,楼
375,览
376,关
377,内
378,封
379,侯
380,烂
381,尘
382,通
383,外
384,袋
385,双
386,普
387,且
388,住
389,佳
390,必
391,园
392,林
393,胜
394,甫
395,渰
396,零
397,漙
398,荷
399,耨
400,烟
401,蓑
402,闻
403,谷
404,敲
405,溅
406,泪
407,幸
408,福
409,彩
410,民
411,喜
412,玩
413,出
414,照
415,眼
416,谁
417,敢
418,歌
419,吟
420,诗
421,圣
422,空
423,凤
424,呈
425,祥
426,兴
427,伟
428,了
429,肥
430,总
431,声
432,谢
433,畔
434,瑕
435,玉
436,能
437,雕
438,疵
439,磨
440,化
441,神
442,奇
443,珍
444,品
445,固
446,柏
447,山
448,澄
449,湫
450,沙
451,力
452,磬
453,要
454,义
455,狐
456,臭
457,驱
458,朋
459,梅
460,堪
461,养
462,随
463,杯
464,插
465,添
466,行
467,桃
468,识
469,种
470,奥
471,运
472,火
473,八
474,寿
475,捧
476,黄
477,菌
478,芝
479,长
480,馨
481,界
482,今
483,宵
484,俗
485,妨
486,洗
487,却
488,凡
489,瘦
490,怜
491,秋
492,老
493,抑
494,私
495,怀
496,公
497,抚
498,平
499,睢
500,针
501,标
502,驿
503,梨
504,轻
505,纵
506,论
507,煮
508,会
509,朵
510,枝
511,叶
512,蜂
513,鸟
514,乐
515,移
516,锦
517,绣
518,侗
519,乡
520,又
521,河
522,涌
523,洪
524,泽
525,笑
526,虎
527,步
528,沾
529,裁
530,补
531,少
532,从
533,容
534,将
535,腹
536,怨
537,尤
538,她
539,倾
540,诉
541,与
542,争
543,坦
544,荡
545,众
546,抱
547,揭
548,竿
549,而
550,燎
551,原
552,斧
553,藏
554,耳
555,许
556,瞒
557,苟
558,未
559,须
560,如
561,意
562,魂
563,魄
564,颠
565,异
566,雅
567,趣
568,逸
569,赐
570,麒
571,麟
572,亲
573,送
574,小
575,善
576,燕
577,播
578,分
579,绿
580,笙
581,劈
582,探
583,芳
584,久
585,观
586,汇
587,商
588,号
589,家
590,丁
591,觉
592,悟
593,断
594,灭
595,近
596,京
597,都
598,俊
599,迈
600,东
601,浩
602,致
603,富
604,途
605,奠
606,基
607,拓
608,振
609,荩
610,王
611,土
612,宜
613,剩
614,勇
615,追
616,寇
617,倚
618,拙
619,镇
620,店
621,痕
622,引
623,远
624,诚
625,仁
626,堂
627,揖
628,拜
629,清
630,妙
631,井
632,财
633,澈
634,街
635,亮
636,美
637,姿
638,琅
639,邪
640,焕
641,象
642,孕
643,精
644,夫
645,永
646,韶
647,合
648,吕
649,茗
650,熟
651,凝
652,书
653,台
654,宇
655,锁
656,任
657,铺
658,侍
659,雪
660,艳
661,摆
662,李
663,婷
664,执
665,唯
666,乘
667,寻
668,启
669,迪
670,复
671,唱
672,低
673,叹
674,阳
675,叠
676,慢
677,自
678,忠
679,臣
680,孝
681,紧
682,节
683,讲
684,授
685,曾
686,植
687,芬
688,联
689,父
690,熏
691,陶
692,志
693,动
694,撷
695,裹
696,盘
697,峻
698,岭
699,德
700,于
701,密
702,钥
703,端
704,锈
705,赋
706,舟
707,澴
708,蛟
709,作
710,堤
711,织
712,鼻
713,存
714,简
715,牍
716,亦
717,记
718,壮
719,泰
720,莲
721,弥
722,禹
723,甸
724,浅
725,友
726,聚
727,昭
728,表
729,劲
730,虚
731,墩
732,银
733,两
734,度
735,停
736,漫
737,溪
738,桥
739,受
740,也
741,栽
742,期
743,涛
744,影
745,荫
746,案
747,宣
748,载
749,耘
750,讯
751,主
752,持
753,丽
754,四
755,数
756,俯
757,盛
758,卷
759,句
760,刻
761,经
762,营
763,获
764,朗
765,概
766,把
767,课
768,翻
769,染
770,听
771,浊
772,晓
773,霞
774,但
775,瓣
776,葛
777,琼
778,瑶
779,皇
780,独
781,剪
782,玲
783,珑
784,缕
785,应
786,湮
787,输
788,润
789,若
790,纤
791,易
792,散
793,夏
794,夜
795,凉
796,翁
797,茅
798,舍
799,健
800,笔
801,写
802,丰
803,碑
804,部
805,曲
806,履
807,训
808,赵
809,喧
810,叟
811,挥
812,擂
813,旺
814,鼓
815,鞭
816,催
817,骏
818,衍
819,瑾
820,塞
821,锡
822,纸
823,才
824,线
825,系
826,姻
827,缘
828,、
829,注
830,定
831,医
832,疗
833,巧
834,越
835,祀
836,懿
837,范
838,慈
839,母
840,男
841,雁
842,南
843,陇
844,彼
845,其
846,殊
847,乎
848,源
849,纳
850,米
851,席
852,酿
853,程
854,溢
855,包
856,拯
857,颂
858,条
859,济
860,牡
861,入
862,章
863,揩
864,狗
865,屁
866,峡
867,隔
868,盼
869,统
870,社
871,温
872,敬
873,径
874,赛
875,临
876,机
877,读
878,音
879,岩
880,阅
881,峰
882,塔
883,秘
884,犀
885,洞
886,潭
887,匀
888,热
889,隋
890,番
891,垂
892,杨
893,巷
894,梳
895,弱
896,迎
897,踏
898,印
899,囊
900,扫
901,庸
902,懒
903,贪
904,安
905,请
906,指
907,盟
908,告
909,所
910,依
911,旧
912,阁
913,凭
914,智
915,护
916,守
917,求
918,兔
919,驾
920,宫
921,游
922,廉
923,洁
924,村
925,比
926,岳
927,渭
928,折
929,蜿
930,蜒
931,庭
932,潇
933,湘
934,鹏
935,学
936,宿
937,含
938,薄
939,柱
940,繁
941,荣
942,画
943,廊
944,穆
945,哉
946,仞
947,墙
948,凌
949,威
950,俦
951,匹
952,单
953,刀
954,踊
955,贼
956,净
957,技
958,卿
959,吹
960,皱
961,弛
962,奔
963,底
964,计
965,据
966,掬
967,瑞
968,霭
969,迷
970,蒙
971,鲸
972,突
973,舰
974,驰
975,浑
976,忘
977,构
978,挑
979,灯
980,宰
981,管
982,洙
983,泗
984,弦
985,余
986,鹗
987,励
988,羽
989,翼
990,佬
991,现
992,说
993,借
994,词
995,寄
996,辛
997,稼
998,轩
999,慷
1000,慨
1001,并
1002,蒂
1003,廿
1004,早
1005,昂
1006,草
1007,萤
1008,弹
1009,冠
1010,消
1011,除
1012,患
1013,苍
1014,酬
1015,勤
1016,故
1017,五
1018,窖
1019,醇
1020,秦
1021,宏
1022,横
1023,渔
1024,霸
1025,代
1026,缨
1027,簪
1028,组
1029,拥
1030,吞
1031,吐
1032,六
1033,泉
1034,摄
1035,欢
1036,殿
1037,巍
1038,震
1039,严
1040,唧
1041,冰
1042,粉
1043,藕
1044,谭
1045,益
1046,岂
1047,偏
1048,沉
1049,极
1050,州
1051,瓮
1052,苔
1053,飘
1054,忆
1055,霓
1056,裳
1057,契
1058,疏
1059,僾
1060,忾
1061,筵
1062,是
1063,图
1064,增
1065,岁
1066,破
1067,弄
1068,女
1069,妻
1070,幽
1071,俨
1072,然
1073,夕
1074,灰
1075,蕴
1076,饲
1077,费
1078,牵
1079,拍
1080,用
1081,耸
1082,晴
1083,岚
1084,挂
1085,甲
1086,太
1087,鼙
1088,秩
1089,谛
1090,徐
1091,璀
1092,璨
1093,面
1094,话
1095,骚
1096,溯
1097,唐
1098,托
1099,截
1100,粤
1101,耀
1102,盏
1103,伴
1104,君
1105,赤
1106,燃
1107,衣
1108,木
1109,食
1110,咏
1111,眸
1112,褥
1113,尚
1114,残
1115,烛
1116,鸡
1117,取
1118,税
1119,秀
1120,权
1121,位
1122,律
1123,蓝
1124,展
1125,翅
1126,卧
1127,榻
1128,旁
1129,已
1130,接
1131,笛
1132,征
1133,夷
1134,融
1135,整
1136,胸
1137,磊
1138,死
1139,导
1140,谐
1141,连
1142,续
1143,剧
1144,对
1145,帐
1146,鸳
1147,鸯
1148,惑
1149,锋
1150,滚
1151,波
1152,走
1153,昔
1154,狼
1155,角
1156,穿
1157,冬
1158,戴
1159,帽
1160,糊
1161,涂
1162,让
1163,职
1164,制
1165,宙
1166,孩
1167,儿
1168,过
1169,杜
1170,正
1171,拉
1172,幅
1173,勾
1174,隐
1175,僧
1176,礼
1177,招
1178,尾
1179,皓
1180,斋
1181,旨
1182,曰
1183,录
1184,焚
1185,毕
1186,铭
1187,集
1188,揽
1189,群
1190,贤
1191,至
1192,雰
1193,拔
1194,擎
1195,丈
1196,贸
1197,环
1198,盈
1199,悲
1200,实
1201,赞
1202,形
1203,势
1204,咸
1205,透
1206,遐
1207,瞩
1208,发
1209,莓
1210,禅
1211,侧
1212,换
1213,元
1214,童
1215,颜
1216,逝
1217,就
1218,瑚
1219,琳
1220,爽
1221,腕
1222,阑
1223,钗
1224,沽
1225,调
1226,楩
1227,楠
1228,匠
1229,派
1230,延
1231,肚
1232,肠
1233,饱
1234,者
1235,饥
1236,捐
1237,尼
1238,眠
1239,卦
1240,武
1241,遂
1242,荒
1243,哪
1244,遭
1245,贬
1246,降
1247,跃
1248,壁
1249,抛
1250,泼
1251,楹
1252,假
1253,棋
1254,预
1255,料
1256,霜
1257,徘
1258,徊
1259,措
1260,赢
1261,弃
1262,埃
1263,傍
1264,阴
1265,昙
1266,蒨
1267,尝
1268,臂
1269,户
1270,悦
1271,禽
1272,格
1273,铜
1274,驼
1275,荆
1276,棘
1277,况
1278,觚
1279,棱
1280,鹃
1281,柔
1282,没
1283,骨
1284,足
1285,政
1286,策
1287,暖
1288,携
1289,矗
1290,团
1291,簇
1292,爆
1293,戏
1294,谈
1295,倩
1296,只
1297,证
1298,桌
1299,兆
1300,幻
1301,渺
1302,解
1303,沿
1304,阶
1305,抖
1306,劝
1307,浓
1308,瓦
1309,漏
1310,誓
1311,著
1312,区
1313,便
1314,捷
1315,交
1316,七
1317,局
1318,珠
1319,帘
1320,虞
1321,廷
1322,伤
1323,进
1324,饰
1325,橱
1326,泥
1327,育
1328,髓
1329,悔
1330,彰
1331,蔚
1332,报
1333,傲
1334,铮
1335,伏
1336,抗
1337,殷
1338,惜
1339,遮
1340,奈
1341,惯
1342,唳
1343,觞
1344,斛
1345,朝
1346,替
1347,衰
1348,勋
1349,昼
1350,霁
1351,冲
1352,虹
1353,俭
1354,穴
1355,靓
1356,孔
1357,韩
1358,打
1359,壶
1360,手
1361,旭
1362,辉
1363,浏
1364,竞
1365,斯
1366,媚
1367,厦
1368,喷
1369,崖
1370,练
1371,丝
1372,畅
1373,裂
1374,崩
1375,急
1376,扶
1377,粹
1378,冥
1379,府
1380,帆
1381,略
1382,乾
1383,肇
1384,电
1385,缆
1386,魅
1387,冀
1388,卖
1389,葵
1390,猩
1391,脸
1392,纹
1393,绽
1394,蝶
1395,坞
1396,曜
1397,贲
1398,玄
1399,龟
1400,驯
1401,座
1402,骤
1403,猛
1404,恐
1405,蔬
1406,想
1407,农
1408,切
1409,继
1410,俎
1411,豆
1412,遗
1413,猫
1414,菊
1415,鸥
1416,鸽
1417,陵
1418,搪
1419,控
1420,割
1421,韭
1422,禁
1423,绝
1424,毫
1425,壑
1426,阔
1427,纬
1428,儒
1429,域
1430,煌
1431,贵
1432,支
1433,仕
1434,试
1435,教
1436,架
1437,股
1438,恨
1439,仇
1440,禄
1441,劳
1442,雀
1443,毂
1444,仿
1445,炫
1446,这
1447,伦
1448,理
1449,丧
1450,船
1451,帜
1452,峥
1453,嵘
1454,咤
1455,叱
1456,襄
1457,忍
1458,浮
1459,聊
1460,工
1461,肩
1462,稳
1463,饮
1464,葱
1465,茏
1466,蔓
1467,渐
1468,挣
1469,票
1470,孤
1471,鸦
1472,亘
1473,败
1474,奢
1475,警
1476,响
1477,燧
1478,川
1479,序
1480,羊
1481,瀛
1482,啸
1483,核
1484,泄
1485,灾
1486,祸
1487,短
1488,岗
1489,掌
1490,乱
1491,挟
1492,奸
1493,兀
1494,鼎
1495,做
1496,撑
1497,茧
1498,厌
1499,驻
1500,歧
1501,暗
1502,斜
1503,溥
1504,奉
1505,片
1506,杂
1507,念
1508,坚
1509,垠
1510,鲁
1511,承
1512,槛
1513,扇
1514,屠
1515,错
1516,俏
1517,苏
1518,杭
1519,侬
1520,软
1521,罄
1522,稷
1523,樊
1524,篱
1525,拘
1526,愁
1527,约
1528,谋
1529,址
1530,眺
1531,障
1532,全
1533,隅
1534,梁
1535,丘
1536,失
1537,慧
1538,傻
1539,妈
1540,阵
1541,感
1542,妇
1543,悬
1544,郡
1545,郊
1546,腊
1547,使
1548,言
1549,乃
1550,忧
1551,即
1552,怡
1553,倦
1554,酣
1555,柴
1556,顺
1557,茶
1558,滴
1559,霄
1560,碍
1561,钩
1562,往
1563,贫
1564,烁
1565,谓
1566,憧
1567,憬
1568,圃
1569,旬
1570,栋
1571,屏
1572,扯
1573,蛋
1574,樽
1575,偶
1576,黑
1577,丙
1578,潜
1579,沧
1580,桑
1581,汶
1582,刑
1583,车
1584,仆
1585,药
1586,设
1587,帏
1588,绵
1589,瓜
1590,瓞
1591,免
1592,诺
1593,邻
1594,葳
1595,蕤
1596,瞰
1597,嶂
1598,鹊
1599,跳
1600,榴
1601,津
1602,趋
1603,宅
1604,兰
1605,宽
1606,享
1607,嫦
1608,娥
1609,舒
1610,宋
1611,鸭
1612,朽
1613,欺
1614,保
1615,牙
1616,具
1617,康
1618,陪
1619,庙
1620,闭
1621,涩
1622,菁
1623,参
1624,茂
1625,喑
1626,呜
1627,办
1628,助
1629,亩
1630,陌
1631,聆
1632,垣
1633,掩
1634,瓯
1635,虫
1636,捍
1637,旗
1638,仰
1639,它
1640,妆
1641,背
1642,储
1643,献
1644,鉴
1645,甘
1646,脚
1647,港
1648,菲
1649,躬
1650,剑
1651,泻
1652,瀑
1653,库
1654,闸
1655,纷
1656,浸
1657,湾
1658,再
1659,株
1660,嫩
1661,缠
1662,救
1663,像
1664,二
1665,左
1666,右
1667,采
1668,射
1669,改
1670,革
1671,攻
1672,肋
1673,典
1674,逆
1675,赌
1676,场
1677,壬
1678,辰
1679,鲤
1680,提
1681,篮
1682,拾
1683,或
1684,监
1685,戒
1686,惧
1687,蜜
1688,鬓
1689,培
1690,邑
1691,哑
1692,蛙
1693,哕
1694,升
1695,淘
1696,桔
1697,翰
1698,战
1699,惟
1700,堆
1701,积
1702,攒
1703,裕
1704,榭
1705,咽
1706,伐
1707,奏
1708,凯
1709,贡
1710,璞
1711,宦
1712,需
1713,瓢
1714,每
1715,羞
1716,恰
1717,昨
1718,闹
1719,吾
1720,息
1721,贺
1722,喉
1723,弯
1724,栖
1725,峨
1726,庑
1727,歇
1728,顶
1729,崚
1730,嶒
1731,貂
1732,蝉
1733,髻
1734,摘
1735,曳
1736,装
1737,素
1738,诀
1739,仪
1740,贝
1741,阐
1742,顿
1743,垢
1744,杖
1745,茫
1746,直
1747,刺
1748,萧
1749,卒
1750,彷
1751,徨
1752,戟
1753,层
1754,黛
1755,半
1756,额
1757,笃
1758,烧
1759,罢
1760,湿
1761,顾
1762,兵
1763,缺
1764,际
1765,钢
1766,反
1767,午
1768,狮
1769,官
1770,网
1771,菡
1772,萏
1773,絮
1774,缝
1775,橐
1776,术
1777,尊
1778,累
1779,麻
1780,颅
1781,暑
1782,造
1783,祉
1784,誉
1785,苗
1786,抹
1787,谩
1788,防
1789,妒
1790,亭
1791,胄
1792,螃
1793,蟹
1794,推
1795,枰
1796,汝
1797,砺
1798,陈
1799,刚
1800,豫
1801,族
1802,衫
1803,宗
1804,欧
1805,昊
1806,司
1807,劫
1808,庄
1809,绀
1810,貌
1811,甜
1812,蟾
1813,阙
1814,盾
1815,矛
1816,敌
1817,棹
1818,淮
1819,宠
1820,辱
1821,胥
1822,酹
1823,祭
1824,粽
1825,屈
1826,骑
1827,罪
1828,羿
1829,蜀
1830,犬
1831,吠
1832,占
1833,仍
1834,疑
1835,脑
1836,视
1837,腔
1838,旦
1839,末
1840,丑
1841,态
1842,愚
1843,瘼
1844,炳
1845,怕
1846,谪
1847,差
1848,悉
1849,屑
1850,第
1851,笺
1852,赚
1853,够
1854,弘
1855,习
1856,幕
1857,枉
1858,炊
1859,亿
1860,兄
1861,贮
1862,冉
1863,愧
1864,特
1865,奋
1866,塘
1867,互
1868,谅
1869,帮
1870,蒸
1871,猪
1872,馔
1873,蕾
1874,闰
1875,那
1876,胡
1877,杰
1878,卫
1879,浴
1880,旷
1881,巢
1882,宁
1883,给
1884,抒
1885,弟
1886,握
1887,寰
1888,椤
1889,充
1890,拳
1891,猿
1892,速
1893,绘
1894,寸
1895,杀
1896,偿
1897,床
1898,被
1899,鞋
1900,变
1901,齿
1902,乍
1903,靖
1904,窥
1905,亏
1906,休
1907,恬
1908,魁
1909,陡
1910,巩
1911,淳
1912,孙
1913,氏
1914,悠
1915,坤
1916,掐
1917,锣
1918,笠
1919,缀
1920,渤
1921,抓
1922,髯
1923,绺
1924,飒
1925,裔
1926,巡
1927,列
1928,房
1929,楝
1930,杉
1931,赖
1932,决
1933,筹
1934,率
1935,灌
1936,渠
1937,惠
1938,坐
1939,拚
1940,渚
1941,毯
1942,姓
1943,检
1944,跨
1945,竖
1946,误
1947,昌
1948,潆
1949,洄
1950,顷
1951,梵
1952,峦
1953,择
1954,谏
1955,惭
1956,贴
1957,压
1958,拂
1959,疽
1960,肿
1961,疮
1962,疔
1963,效
1964,馆
1965,窦
1966,褌
1967,逐
1968,企
1969,该
1970,霖
1971,祛
1972,菩
1973,萨
1974,峙
1975,芗
1976,则
1977,站
1978,尔
1979,你
1980,完
1981,刷
1982,次
1983,逊
1984,拼
1985,规
1986,递
1987,呢
1988,喃
1989,刘
1990,勰
1991,艺
1992,亚
1993,属
1994,榜
1995,凰
1996,夺
1997,熬
1998,肺
1999,腑
2000,鹿
2001,购
2002,粱
2003,迁
2004,限
2005,菜
2006,粮
2007,协
2008,沃
2009,销
2010,矩
2011,梓
2012,夹
2013,函
2014,舜
2015,淬
2016,牌
2017,焉
2018,辨
2019,枇
2020,杷
2021,巴
2022,仲
2023,芙
2024,蓉
2025,芦
2026,释
2027,嫌
2028,施
2029,促
2030,幼
2031,扛
2032,博
2033,镜
2034,檀
2035,板
2036,击
2037,倭
2038,俞
2039,戚
2040,鳌
2041,航
2042,娇
2043,酌
2044,待
2045,甚
2046,嗟
2047,悭
2048,憾
2049,餐
2050,译
2051,默
2052,汤
2053,潢
2054,辽
2055,锄
2056,赫
2057,枯
2058,宾
2059,伸
2060,畴
2061,笋
2062,羡
2063,笆
2064,脱
2065,砥
2066,寨
2067,器
2068,谒
2069,醴
2070,缚
2071,拟
2072,瀚
2073,勿
2074,耻
2075,坊
2076,喟
2077,痍
2078,丢
2079,蕊
2080,晋
2081,渊
2082,袭
2083,偷
2084,遇
2085,傅
2086,赴
2087,避
2088,燹
2089,惨
2090,艰
2091,篝
2092,烬
2093,跬
2094,评
2095,黜
2096,侵
2097,滋
2098,颤
2099,遣
2100,娲
2101,恺
2102,演
2103,弈
2104,凑
2105,龄
2106,颐
2107,哀
2108,候
2109,蔡
2110,箫
2111,绕
2112,适
2113,瞻
2114,痩
2115,忌
2116,盖
2117,辑
2118,笼
2119,翡
2120,洲
2121,鹦
2122,鹉
2123,骋
2124,桐
2125,押
2126,资
2127,筝
2128,乔
2129,眉
2130,痌
2131,瘝
2132,婪
2133,斟
2134,纪
2135,敞
2136,襟
2137,扰
2138,梢
2139,秉
2140,编
2141,渝
2142,辣
2143,酸
2144,炎
2145,牧
2146,务
2147,班
2148,级
2149,稻
2150,滞
2151,揪
2152,拦
2153,蒲
2154,坂
2155,骂
2156,竟
2157,抬
2158,荃
2159,危
2160,雷
2161,；
2162,周
2163,慎
2164,殇
2165,油
2166,舀
2167,纶
2168,虏
2169,维
2170,涪
2171,嘉
2172,愈
2173,兼
2174,浥
2175,擦
2176,杵
2177,浍
2178,滨
2179,纛
2180,戌
2181,侣
2182,椿
2183,寡
2184,服
2185,迓
2186,捞
2187,货
2188,痴
2189,漱
2190,岐
2191,焦
2192,肌
2193,汗
2194,忙
2195,宴
2196,脍
2197,沏
2198,侠
2199,篇
2200,挹
2201,薪
2202,慰
2203,析
2204,妩
2205,加
2206,怒
2207,耆
2208,赔
2209,钱
2210,贾
2211,赠
2212,袍
2213,叔
2214,碎
2215,兮
2216,附
2217,魔
2218,拨
2219,汛
2220,橘
2221,卅
2222,辅
2223,葬
2224,袅
2225,躁
2226,剂
2227,禴
2228,烝
2229,嚼
2230,瘾
2231,埙
2232,篪
2233,薤
2234,质
2235,艾
2236,腰
2237,逃
2238,克
2239,惬
2240,婆
2241,娑
2242,贱
2243,翘
2244,校
2245,惆
2246,怅
2247,璧
2248,澍
2249,旅
2250,岫
2251,撕
2252,衲
2253,袄
2254,苞
2255,旋
2256,鹰
2257,巾
2258,瓶
2259,祈
2260,颦
2261,衾
2262,鄂
2263,俱
2264,缅
2265,绩
2266,楙
2267,旂
2268,褒
2269,颁
2270,虢
2271,焰
2272,囚
2273,泛
2274,拱
2275,橙
2276,谱
2277,媲
2278,酷
2279,滥
2280,罗
2281,睺
2282,卸
2283,减
2284,拐
2285,兜
2286,圈
2287,蔻
2288,婉
2289,备
2290,帝
2291,癔
2292,泣
2293,挤
2294,怪
2295,窍
2296,较
2297,猴
2298,栏
2299,县
2300,迫
2301,嵩
2302,饼
2303,肉
2304,妍
2305,缱
2306,绻
2307,揉
2308,球
2309,划
2310,访
2311,踪
2312,冢
2313,崭
2314,挚
2315,瑟
2316,镶
2317,麓
2318,枣
2319,申
2320,害
2321,枪
2322,挨
2323,个
2324,颗
2325,担
2326,钧
2327,阿
2328,冒
2329,污
2330,示
2331,臻
2332,皎
2333,纱
2334,祠
2335,优
2336,醪
2337,凄
2338,抿
2339,酱
2340,醋
2341,盐
2342,澳
2343,泊
2344,莽
2345,佩
2346,芽
2347,绊
2348,艇
2349,份
2350,偕
2351,嘻
2352,犯
2353,箭
2354,姑
2355,娘
2356,椭
2357,肆
2358,膝
2359,衔
2360,坠
2361,芒
2362,伛
2363,膺
2364,跑
2365,汲
2366,沪
2367,轨
2368,渌
2369,涧
2370,！
2371,夙
2372,撩
2373,陋
2374,稿
2375,藤
2376,凋
2377,削
2378,畹
2379,员
2380,配
2381,逞
2382,淑
2383,桩
2384,觅
2385,鹜
2386,趁
2387,犁
2388,贯
2389,微
2390,显
2391,邦
2392,责
2393,黎
2394,舆
2395,巫
2396,董
2397,歪
2398,省
2399,咆
2400,哮
2401,胖
2402,吼
2403,刹
2404,婿
2405,恒
2406,恼
2407,庐
2408,郁
2409,曹
2410,邺
2411,赶
2412,殓
2413,埋
2414,掉
2415,逍
2416,遥
2417,凫
2418,舄
2419,蚊
2420,咬
2421,缈
2422,虑
2423,循
2424,冕
2425,箾
2426,牒
2427,辜
2428,认
2429,供
2430,着
2431,蔗
2432,袂
2433,羁
2434,徒
2435,轴
2436,皴
2437,怙
2438,悛
2439,睛
2440,覆
2441,毗
2442,耶
2443,毡
2444,郭
2445,钝
2446,沣
2447,碳
2448,爪
2449,辈
2450,祝
2451,样
2452,帛
2453,段
2454,匆
2455,莱
2456,芜
2457,森
2458,樵
2459,委
2460,痛
2461,凿
2462,悄
2463,摸
2464,郎
2465,烦
2466,巨
2467,擘
2468,碗
2469,腮
2470,讽
2471,咒
2472,题
2473,擢
2474,梧
2475,檐
2476,泾
2477,妖
2478,佐
2479,晖
2480,娓
2481,-
2482,困
2483,淌
2484,扣
2485,索
2486,拈
2487,材
2488,讨
2489,袁
2490,：
2491,矿
2492,冶
2493,伞
2494,芟
2495,扁
2496,彪
2497,麦
2498,弓
2499,搞
2500,翔
2501,翥
2502,篷
2503,蹄
2504,仄
2505,陷
2506,烫
2507,镫
2508,秃
2509,饿
2510,填
2511,啼
2512,季
2513,鼠
2514,驸
2515,遨
2516,桶
2517,戮
2518,闼
2519,援
2520,翊
2521,飏
2522,篆
2523,扑
2524,巅
2525,锅
2526,盆
2527,磕
2528,碰
2529,鸢
2530,肯
2531,版
2532,刊
2533,囿
2534,缔
2535,硬
2536,凸
2537,娱
2538,霏
2539,绛
2540,浦
2541,斑
2542,姜
2543,馥
2544,闽
2545,饶
2546,款
2547,硕
2548,止
2549,妄
2550,勒
2551,亡
2552,拖
2553,惓
2554,佗
2555,莅
2556,他
2557,驹
2558,溟
2559,蛮
2560,嫁
2561,妹
2562,菱
2563,描
2564,沂
2565,纺
2566,尧
2567,遁
2568,毛
2569,蓬
2570,炭
2571,买
2572,猷
2573,潸
2574,拄
2575,炮
2576,答
2577,棚
2578,喝
2579,浣
2580,倍
2581,怎
2582,等
2583,涵
2584,吸
2585,棍
2586,诫
2587,疙
2588,瘩
2589,魏
2590,庶
2591,煞
2592,屿
2593,樯
2594,橹
2595,纭
2596,屯
2597,咀
2598,伯
2599,瞬
2600,凛
2601,坎
2602,坷
2603,慌
2604,秒
2605,炼
2606,狱
2607,验
2608,络
2609,模
2610,媛
2611,逼
2612,矢
2613,惹
2614,翩
2615,瓷
2616,辙
2617,蟠
2618,敷
2619,饕
2620,餮
2621,疼
2622,绳
2623,哼
2624,孜
2625,隆
2626,雏
2627,晦
2628,抵
2629,债
2630,脏
2631,郑
2632,藁
2633,搏
2634,状
2635,酉
2636,浒
2637,鹅
2638,徽
2639,聪
2640,卢
2641,沟
2642,豹
2643,朱
2644,殁
2645,围
2646,舵
2647,萍
2648,唤
2649,怯
2650,畚
2651,贞
2652,烘
2653,遵
2654,姬
2655,芈
2656,詹
2657,佑
2658,慕
2659,算
2660,偃
2661,筛
2662,谧
2663,孟
2664,娃
2665,鸾
2666,蓄
2667,乳
2668,濡
2669,量
2670,绍
2671,述
2672,濯
2673,廓
2674,激
2675,沁
2676,液
2677,萱
2678,惩
2679,谯
2680,鞍
2681,毓
2682,笨
2683,侮
2684,礁
2685,旌
2686,猎
2687,冻
2688,唇
2689,赣
2690,羔
2691,熙
2692,厢
2693,恣
2694,恋
2695,悃
2696,掀
2697,哢
2698,梯
2699,脊
2700,操
2701,伊
2702,矣
2703,窅
2704,炸
2705,衡
2706,濒
2707,筠
2708,祯
2709,绶
2710,页
2711,陀
2712,叨
2713,脾
2714,涤
2715,沫
2716,匡
2717,隶
2718,籁
2719,丛
2720,酥
2721,脆
2722,准
2723,值
2724,卜
2725,遽
2726,垒
2727,蠢
2728,伢
2729,卓
2730,堰
2731,爷
2732,彭
2733,谕
2734,考
2735,隽
2736,滩
2737,茎
2738,榆
2739,诵
2740,测
2741,萌
2742,厨
2743,拒
2744,逮
2745,嫂
2746,琢
2747,隧
2748,绚
2749,彻
2750,专
2751,迟
2752,蘸
2753,骈
2754,迭
2755,诡
2756,谲
2757,钮
2758,窃
2759,腥
2760,册
2761,睁
2762,钺
2763,迨
2764,泡
2765,羹
2766,饭
2767,谗
2768,殉
2769,铿
2770,锵
2771,滆
2772,氿
2773,扼
2774,崤
2775,皖
2776,淫
2777,咎
2778,殃
2779,恕
2780,顽
2781,夔
2782,擅
2783,浇
2784,畿
2785,砍
2786,娄
2787,曼
2788,寐
2789,芭
2790,蕉
2791,锐
2792,枭
2793,韧
2794,筋
2795,闪
2796,翦
2797,蛰
2798,婵
2799,娟
2800,凶
2801,什
2802,么
2803,睦
2804,粪
2805,盒
2806,类
2807,丸
2808,匾
2809,各
2810,缥
2811,阆
2812,陨
2813,肃
2814,帅
2815,叩
2816,蜉
2817,蝣
2818,黉
2819,尖
2820,啭
2821,否
2822,耽
2823,暴
2824,肖
2825,罅
2826,漾
2827,潘
2828,妫
2829,驳
2830,陆
2831,粥
2832,符
2833,允
2834,屡
2835,罩
2836,骁
2837,冤
2838,绮
2839,呱
2840,叫
2841,岧
2842,峣
2843,鹫
2844,倏
2845,麝
2846,炷
2847,貔
2848,戛
2849,潍
2850,倡
2851,逛
2852,诛
2853,舌
2854,槐
2855,朔
2856,柘
2857,驴
2858,纯
2859,滔
2860,砾
2861,汐
2862,掷
2863,擒
2864,乙
2865,的
2866,铃
2867,崔
2868,嵬
2869,狭
2870,诏
2871,绪
2872,荻
2873,淹
2874,选
2875,墟
2876,猝
2877,诲
2878,涕
2879,阜
2880,蓦
2881,匝
2882,卑
2883,蛛
2884,捻
2885,烹
2886,沸
2887,搜
2888,丕
2889,辍
2890,漂
2891,笈
2892,崛
2893,谊
2894,僵
2895,瞍
2896,议
2897,夯
2898,噩
2899,耗
2900,槎
2901,僻
2902,诞
2903,霆
2904,炯
2905,燮
2906,践
2907,宪
2908,坯
2909,恸
2910,骄
2911,矜
2912,燐
2913,豺
2914,坏
2915,殖
2916,萸
2917,黯
2918,伫
2919,栈
2920,稔
2921,痘
2922,侸
2923,兑
2924,恢
2925,队
2926,纨
2927,匿
2928,产
2929,违
2930,耦
2931,嵯
2932,跹
2933,苋
2934,蹉
2935,跎
2936,阻
2937,鳞
2938,勘
2939,蝴
2940,究
2941,伪
2942,轫
2943,爵
2944,庚
2945,鏖
2946,溶
2947,愤
2948,汾
2949,鹾
2950,铦
2951,废
2952,鼐
2953,厉
2954,婺
2955,嗔
2956,栩
2957,闾
2958,玫
2959,墅
2960,炽
2961,搭
2962,刮
2963,葆
2964,沅
2965,冯
2966,铗
2967,維
2968,靥
2969,缓
2970,躯
2971,歼
2972,驮
2973,既
2974,喊
2975,讶
2976,闱
2977,钵
2978,槽
2979,褚
2980,帖
2981,械
2982,樱
2983,箕
2984,辕
2985,剥
2986,啄
2987,租
2988,吏
2989,晶
2990,莹
2991,湛
2992,鹂
2993,灶
2994,圭
2995,盗
2996,洛
2997,贰
2998,奕
2999,呡
3000,舸
3001,碟
3002,搁
3003,躲
3004,挽
3005,迢
3006,矮
3007,楷
3008,菏
3009,颍
3010,杲
3011,镀
3012,翚
3013,雩
3014,谜
3015,泓
3016,藉
3017,查
3018,垄
3019,荐
3020,粗
3021,瘠
3022,膳
3023,馐
3024,讵
3025,徵
3026,谨
3027,蠡
3028,滑
3029,蚶
3030,竽
3031,桨
3032,胭
3033,脂
3034,佯
3035,咄
3036,淤
3037,噪
3038,厂
3039,硫
3040,籴
3041,粜
3042,卌
3043,仅
3044,垃
3045,圾
3046,涅
3047,槃
3048,澽
3049,嘹
3050,粒
3051,禾
3052,觯
3053,涉
3054,涓
3055,籍
3056,汽
3057,惰
3058,售
3059,骥
3060,棉
3061,裤
3062,叉
3063,召
3064,镈
3065,蠹
3066,达
3067,椽
3068,牺
3069,牲
3070,链
3071,俟
3072,哨
3073,仓
3074,勺
3075,乌
3076,恭
3077,簿
3078,耐
3079,釜
3080,憔
3081,悴
3082,筚
3083,缤
3084,磋
3085,菰
3086,砂
3087,筒
3088,泱
3089,糜
3090,荧
3091,棒
3092,昧
3093,奎
3094,躔
3095,扮
3096,找
3097,婚
3098,邵
3099,珊
3100,邮
3101,砖
3102,蛤
3103,碌
3104,删
3105,栓
3106,撞
3107,闺
3108,抢
3109,椠
3110,谦
3111,棵
3112,诳
3113,拿
3114,罐
3115,煨
3116,馋
3117,涎
3118,挠
3119,项
3120,陟
3121,敏
3122,糖
3123,缩
3124,巳
3125,摩
3126,踩
3127,蚁
3128,裙
3129,俚
3130,朦
3131,寥
3132,帚
3133,霎
3134,尹
3135,戎
3136,禧
3137,橄
3138,榄
3139,蟆
3140,恍
3141,诙
3142,哲
3143,仗
3144,缰
3145,叙
3146,匣
3147,盅
3148,沮
3149,漳
3150,乒
3151,乓
3152,毁
3153,灼
3154,跪
3155,哺
3156,舴
3157,艋
3158,掣
3159,岱
3160,泯
3161,束
3162,蒿
3163,绰
3164,旖
3165,旎
3166,袤
3167,嵌
3168,喋
3169,渴
3170,捎
3171,睹
3172,羸
3173,哥
3174,孰
3175,轿
3176,纫
3177,劬
3178,抄
3179,滓
3180,斤
3181,嶙
3182,峋
3183,黔
3184,敖
3185,寝
3186,窟
3187,吻
3188,胧
3189,楫
3190,钻
3191,徜
3192,徉
3193,尸
3194,牢
3195,厕
3196,奖
3197,怵
3198,蕙
3199,毅
3200,呵
3201,淅
3202,栝
3203,磴
3204,察
3205,呕
3206,芸
3207,篁
3208,吊
3209,棠
3210,薯
3211,蓣
3212,罹
3213,鞠
3214,萃
3215,刃
3216,溜
3217,诰
3218,銮
3219,茹
3220,捱
3221,讴
3222,壤
3223,咱
3224,矫
3225,呦
3226,账
3227,郧
3228,骞
3229,呆
3230,颈
3231,翳
3232,喳
3233,浐
3234,韦
3235,蛩
3236,蹂
3237,亥
3238,鹳
3239,寅
3240,跋
3241,馁
3242,膑
3243,肢
3244,式
3245,敕
3246,挡
3247,损
3248,弗
3249,饵
3250,霾
3251,卵
3252,粟
3253,扉
3254,抔
3255,蚀
3256,渣
3257,撒
3258,蔦
3259,汨
3260,畈
3261,蝇
3262,驭
3263,峤
3264,骢
3265,帙
3266,馒
3267,馅
3268,衷
3269,敛
3270,藩
3271,厅
3272,窑
3273,妃
3274,腼
3275,腆
3276,蹊
3277,隙
3278,札
3279,戍
3280,退
3281,掠
3282,梭
3283,寓
3284,笤
3285,猢
3286,狲
3287,幔
3288,堑
3289,撇
3290,谤
3291,嘌
3292,呤
3293,麈
3294,邈
3295,蜻
3296,蜓
3297,舫
3298,耿
3299,郯
3300,钦
3301,颖
3302,咙
3303,鹄
3304,恙
3305,鲲
3306,碣
3307,绎
3308,付
3309,蜗
3310,葩
3311,块
3312,滇
3313,鬟
3314,漪
3315,穹
3316,迥
3317,纲
3318,氛
3319,歆
3320,茻
3321,秝
3322,韬
3323,篙
3324,濛
3325,荔
3326,缋
3327,括
3328,卯
3329,彝
3330,裾
3331,悌
3332,炉
3333,瞑
3334,庠
3335,邹
3336,裸
3337,酪
3338,抟
3339,倘
3340,稍
3341,穗
3342,谑
3343,堕
3344,唁
3345,币
3346,娩
3347,籥
3348,斓
3349,耄
3350,耋
3351,诘
3352,苕
3353,霅
3354,竭
3355,敝
3356,屣
3357,嫘
3358,缫
3359,邱
3360,戊
3361,犊
3362,扎
3363,很
3364,扈
3365,咖
3366,啡
3367,副
3368,篦
3369,浙
3370,雯
3371,裘
3372,闯
3373,萁
3374,稗
3375,柿
3376,栗
3377,嬉
3378,岔
3379,悼
3380,串
3381,椒
3382,牟
3383,糯
3384,锑
3385,沦
3386,襼
3387,杆
3388,咪
3389,咩
3390,搓
3391,拌
3392,淖
3393,窈
3394,窕
3395,确
3396,葫
3397,伉
3398,俪
3399,帼
3400,蜡
3401,瑜
3402,套
3403,嚣
3404,缎
3405,芍
3406,诤
3407,坝
3408,镂
3409,揆
3410,孱
3411,庾
3412,晒
3413,锻
3414,芹
3415,膏
3416,柜
3417,赊
3418,栉
3419,蚕
3420,觇
3421,甍
3422,勃
3423,谎
3424,敦
3425,壳
3426,摔
3427,眷
3428,置
3429,遌
3430,盲
3431,缸
3432,欠
3433,蛱
3434,皈
3435,醅
3436,貅
3437,捣
3438,碇
3439,绾
3440,辄
3441,砌
3442,糙
3443,園
3444,國
3445,混
3446,狠
3447,馕
3448,笏
3449,螺
3450,鲢
3451,侨
3452,胞
3453,烽
3454,穑
3455,础
3456,聋
3457,努
3458,雌
3459,肴
3460,璆
3461,濶
3462,蹙
3463,粲
3464,饘
3465,嬴
3466,踢
3467,抽
3468,藻
3469,捭
3470,阖
3471,怍
3472,趵
3473,撼
3474,晟
3475,匕
3476,逶
3477,迤
3478,睿
3479,蓊
3480,蔽
3481,骀
3482,暇
3483,遏
3484,虐
3485,逖
3486,萼
3487,胶
3488,漆
3489,孽
3490,漓
3491,嗣
3492,涟
3493,距
3494,昶
3495,姒
3496,芥
3497,茸
3498,绸
3499,腴
3500,觑
3501,臾
3502,榔
3503,搅
3504,蚧
3505,均
3506,虾
3507,鳖
3508,灞
3509,琦
3510,懂
3511,歹
3512,淼
3513,嘴
3514,彤
3515,筇
3516,猾
3517,谍
3518,昳
3519,攘
3520,圞
3521,蝎
3522,谣
3523,邗
3524,伙
3525,蜃
3526,哈
3527,苇
3528,苹
3529,舂
3530,吁
3531,颇
3532,氷
3533,讳
3534,熠
3535,斐
3536,坳
3537,笞
3538,迄
3539,汧
3540,胎
3541,按
3542,帧
3543,埔
3544,汩
3545,拭
3546,柚
3547,妞
3548,泮
3549,毒
3550,赘
3551,饬
3552,掏
3553,塑
3554,琵
3555,琶
3556,冈
3557,卉
3558,拴
3559,掖
3560,邢
3561,猜
3562,鼷
3563,弩
3564,骐
3565,咫
3566,泳
3567,暂
3568,屹
3569,纾
3570,恁
3571,篓
3572,驷
3573,濂
3574,逾
3575,柝
3576,薰
3577,缪
3578,熊
3579,薹
3580,臆
3581,箪
3582,幌
3583,滟
3584,憎
3585,薇
3586,懈
3587,怠
3588,逗
3589,沼
3590,遑
3591,俑
3592,皋
3593,兽
3594,浆
3595,暄
3596,肤
3597,蜚
3598,蕖
3599,東
3600,衢
3601,暧
3602,湔
3603,希
3604,驶
3605,犍
3606,岿
3607,璇
3608,姣
3609,傣
3610,娶
3611,藜
3612,璋
3613,攸
3614,欸
3615,钿
3616,订
3617,廌
3618,剽
3619,衬
3620,漕
3621,奴
3622,硝
3623,涘
3624,触
3625,皂
3626,恃
3627,雎
3628,型
3629,馊
3630,嗝
3631,屎
3632,雉
3633,堞
3634,酝
3635,黍
3636,缌
3637,筏
3638,狅
3639,仨
3640,估
3641,仃
3642,氧
3643,吧
3644,喘
3645,箴
3646,踵
3647,趴
3648,诱
3649,豳
3650,坟
3651,闷
3652,靡
3653,摹
3654,褐
3655,篑
3656,亨
3657,捲
3658,届
3659,泸
3660,瞧
3661,姐
3662,熔
3663,炬
3664,荏
3665,苒
3666,鼾
3667,哭
3668,啾
3669,夭
3670,档
3671,疟
3672,砧
3673,勉
3674,挝
3675,荟
3676,掘
3677,兹
3678,孺
3679,坻
3680,栅
3681,喂
3682,畜
3683,窳
3684,劣
3685,搀
3686,恪
3687,键
3688,褂
3689,淋
3690,曙
3691,牝
3692,囤
3693,聩
3694,濠
3695,玻
3696,璃
3697,髦
3698,晾
3699,鸩
3700,窝
3701,呖
3702,旱
3703,涝
3704,玑
3705,拧
3706,厮
3707,杞
3708,珰
3709,缄
3710,卡
3711,纠
3712,矶
3713,颢
3714,斩
3715,辗
3716,霑
3717,甩
3718,膀
3719,耒
3720,槲
3721,颉
3722,褪
3723,沈
3724,鲑
3725,枢
3726,琊
3727,豁
3728,眨
3729,韫
3730,贻
3731,洼
3732,迸
3733,莘
3734,戳
3735,曛
3736,赅
3737,乖
3738,脖
3739,阡
3740,裱
3741,蝌
3742,蚪
3743,们
3744,玦
3745,颊
3746,酾
3747,厄
3748,拣
3749,央
3750,萄
3751,吮
3752,菽
3753,瞥
3754,熹
3755,冽
3756,豢
3757,筷
3758,搛
3759,饺
3760,鄢
3761,徙
3762,愆
3763,瘤
3764,陲
3765,靶
3766,屐
3767,纩
3768,忿
3769,券
3770,碾
3771,跌
3772,舛
3773,枷
3774,豸
3775,皞
3776,傀
3777,儡
3778,堡
3779,斫
3780,娉
3781,炒
3782,汀
3783,赎
3784,醮
3785,翎
3786,俸
3787,蕃
3788,嫉
3789,簧
3790,忝
3791,糠
3792,覈
3793,姨
3794,泠
3795,哙
3796,伍
3797,鹧
3798,鸪
3799,辀
3800,葡
3801,诠
3802,珅
3803,唾
3804,庖
3805,荀
3806,翱
3807,妳
3808,碛
3809,粼
3810,辔
3811,蚓
3812,垛
3813,笄
3814,檄
3815,墓
3816,芋
3817,畲
3818,棗
3819,捆
3820,辫
3821,缑
3822,鹌
3823,憑
3824,窨
3825,玛
3826,讥
3827,癖
3828,甥
3829,赭
3830,邕
3831,鬻
3832,腋
3833,绡
3834,耍
3835,稚
3836,磻
3837,玙
3838,棂
3839,癫
3840,痫
3841,黼
3842,蔀
3843,黻
3844,邃
3845,麾
3846,惕
3847,菅
3848,俾
3849,榕
3850,庥
3851,谄
3852,迩
3853,茄
3854,摊
3855,胼
3856,胝
3857,癯
3858,碓
3859,匪
3860,您
3861,嫖
3862,铎
3863,琨
3864,鳄
3865,遄
3866,判
3867,醺
3868,塾
3869,坪
3870,擞
3871,枧
3872,姆
3873,蹲
3874,垦
3875,檓
3876,崎
3877,岖
3878,狩
3879,畄
3880,腿
3881,簟
3882,怛
3883,溘
3884,丞
3885,瞳
3886,巽
3887,殒
3888,洱
3889,憩
3890,岑
3891,奚
3892,蹈
3893,渲
3894,蜮
3895,褔
3896,峭
3897,蛹
3898,愠
3899,滦
3900,捕
3901,鳅
3902,乞
3903,瞎
3904,骡
3905,慑
3906,俩
3907,眄
3908,嘶
3909,媪
3910,嘱
3911,妪
3912,挈
3913,桅
3914,峪
3915,恻
3916,桠
3917,榛
3918,洣
3919,簌
3920,蒯
3921,捏
3922,啤
3923,骊
3924,汁
3925,忒
3926,暨
3927,稣
3928,秤
3929,逰
3930,诊
3931,迅
3932,窄
3933,辘
3934,扭
3935,拆
3936,庵
3937,刁
3938,厥
3939,倮
3940,赀
3941,啬
3942,祷
3943,爇
3944,阒
3945,杳
3946,疯
3947,郏
3948,鄏
3949,侃
3950,煦
3951,鲍
3952,羯
3953,莳
3954,藐
3955,屴
3956,崱
3957,痰
3958,筐
3959,蚌
3960,酽
3961,码
3962,燥
3963,螮
3964,蝀
3965,件
3966,幛
3967,瓠
3968,蒹
3969,葭
3970,愉
3971,禀
3972,牖
3973,询
3974,箧
3975,桴
3976,箓
3977,懦
3978,沛
3979,秽
3980,曦
3981,蔼
3982,箱
3983,譬
3984,咂
3985,阮
3986,浃
3987,捉
3988,風
3989,莼
3990,霹
3991,雳
3992,镣
3993,铐
3994,陛
3995,骧
3996,磐
3997,晏
3998,蕿
3999,耜
4000,瘽
4001,痱
4002,晷
4003,倨
4004,郴
4005,阚
4006,佣
4007,撬
4008,覃
4009,崧
4010,懋
4011,缁
4012,嗓
4013,榨
4014,钉
4015,镌
4016,戾
4017,犷
4018,蔷
4019,曈
4020,昽
4021,殆
4022,帻
4023,蹭
4024,痒
4025,晰
4026,莆
4027,呔
4028,署
4029,蹑
4030,绅
4031,荼
4032,酤
4033,宸
4034,幄
4035,琛
4036,挖
4037,嫡
4038,恤
4039,啥
4040,渟
4041,孀
4042,猖
4043,獗
4044,帷
4045,経
4046,擀
4047,蔺
4048,剔
4049,勖
4050,芯
4051,症
4052,盥
4053,訾
4054,琐
4055,娆
4056,娜
4057,枒
4058,棺
4059,颓
4060,姦
4061,煤
4062,槟
4063,甄
4064,赟
4065,簸
4066,狻
4067,猊
4068,苜
4069,蓿
4070,潦
4071,督
4072,茉
4073,莉
4074,嗅
4075,飨
4076,佞
4077,硎
4078,禺
4079,逋
4080,蟀
4081,鹒
4082,蛾
4083,帔
4084,淞
4085,烙
4086,殚
4087,荞
4088,龚
4089,绂
4090,縠
4091,龛
4092,缭
4093,玷
4094,剜
4095,诣
4096,萋
4097,沬
4098,撰
4099,蹁
4100,爹
4101,啃
4102,澡
4103,绢
4104,箸
4105,芨
4106,惚
4107,茴
4108,粘
4109,兕
4110,觥
4111,黩
4112,槊
4113,萎
4114,趺
4115,袒
4116,衮
4117,鲛
4118,熄
4119,叮
4120,咚
4121,袜
4122,洇
4123,综
4124,刨
4125,仔
4126,嘘
4127,迂
4128,弧
4129,雍
4130,奁
4131,盎
4132,枥
4133,缿
4134,锯
4135,匙
4136,帋
4137,褴
4138,褛
4139,潞
4140,喨
4141,宥
4142,羲
4143,榖
4144,晃
4145,喻
4146,嗽
4147,冗
4148,奶
4149,钞
4150,柑
4151,另
4152,孪
4153,倜
4154,傥
4155,忻
4156,憨
4157,瘪
4158,飖
4159,魇
4160,埠
4161,揣
4162,荜
4163,衙
4164,役
4165,唔
4166,睨
4167,篯
4168,晤
4169,骖
4170,莸
4171,慠
4172,酋
4173,奂
4174,樟
4175,塌
4176,缴
4177,秾
4178,蕈
4179,骛
4180,鳏
4181,惇
4182,淄
4183,鳝
4184,爻
4185,琪
4186,讼
4187,审
4188,耉
4189,螭
4190,茑
4191,茵
4192,杠
4193,哎
4194,洈
4195,栱
4196,崽
4197,辩
4198,隼
4199,鞴
4200,孚
4201,蠖
4202,穉
4203,悖
4204,澥
4205,洵
4206,弼
4207,甦
4208,憋
4209,桓
4210,弊
4211,蛞
4212,涸
4213,禊
4214,戡
4215,滁
4216,梗
4217,洺
4218,嶷
4219,髭
4220,浔
4221,莞
4222,搔
4223,轲
4224,琇
4225,鄮
4226,轼
4227,茁
4228,阕
4229,彳
4230,亍
4231,屦
4232,伶
4233,蜕
4234,苌
4235,沓
4236,庞
4237,蓼
4238,邸
4239,轰
4240,啪
4241,瞽
4242,宕
4243,蓟
4244,詈
4245,俄
4246,藓
4247,汹
4248,虬
4249,饴
4250,澧
4251,遒
4252,仉
4253,扩
4254,绒
4255,呗
4256,跷
4257,俺
4258,硅
4259,璠
4260,爬
4261,潺
4262,湍
4263,惺
4264,踱
4265,瑙
4266,剖
4267,樗
4268,濆
4269,酎
4270,螯
4271,堵
4272,胪
4273,踌
4274,躇
4275,楸
4276,茯
4277,苓
4278,蹬
4279,祇
4280,扒
4281,颌
4282,跸
4283,箬
4284,籽
4285,匈
4286,驽
4287,炖
4288,珮
4289,燔
4290,赦
4291,庇
4292,蜈
4293,蚣
4294,逑
4295,洽
4296,芮
4297,汭
4298,厶
4299,耇
4300,僴
4301,蚂
4302,蚱
4303,蹦
4304,圯
4305,罔
4306,腠
4307,匮
4308,狄
4309,抠
4310,惘
4311,绫
4312,琮
4313,煎
4314,哦
4315,垫
4316,垲
4317,腻
4318,喀
4319,塱
4320,龌
4321,儋
4322,郝
4323,莎
4324,掾
4325,沱
4326,鬃
4327,犇
4328,蝠
4329,挫
4330,蒋
4331,蓓
4332,閟
4333,姊
4334,缶
4335,蟒
4336,蛎
4337,瘕
4338,淆
4339,撵
4340,榷
4341,丐
4342,翟
4343,茀
4344,讣
4345,框
4346,镐
4347,婊
4348,贷
4349,巉
4350,扢
4351,嘲
4352,掸
4353,骗
4354,咋
4355,弭
4356,鞘
4357,佥
4358,铄
4359,僚
4360,脓
4361,猥
4362,燠
4363,翛
4364,凹
4365,鸬
4366,鹚
4367,亢
4368,渥
4369,柯
4370,汊
4371,潴
4372,淀
4373,徇
4374,竺
4375,瘸
4376,潋
4377,卮
4378,邙
4379,偲
4380,瘁
4381,彦
4382,跛
4383,烤
4384,婴
4385,椎
4386,哽
4387,镕
4388,隘
4389,蜘
4390,芾
4391,琥
4392,珀
4393,辇
4394,濙
4395,佼
4396,苛
4397,虺
4398,豚
4399,昱
4400,蟋
4401,蠧
4402,蹴
4403,骸
4404,炕
4405,栊
4406,屷
4407,乩
4408,呻
4409,妾
4410,撮
4411,棕
4412,嗜
4413,單
4414,戰
4415,皤
4416,肱
4417,斥
4418,闊
4419,門
4420,磅
4421,礴
4422,甑
4423,疴
4424,晕
4425,獬
4426,镳
4427,飙
4428,扪
4429,圩
4430,榼
4431,迦
4432,駉
4433,舷
4434,铅
4435,幡
4436,嚷
4437,篡
4438,慵
4439,枚
4440,舅
4441,槑
4442,拢
4443,溱
4444,潼
4445,峄
4446,淯
4447,厘
4448,阀
4449,畦
4450,溺
4451,矍
4452,垓
4453,唢
4454,呐
4455,儵
4456,苎
4457,菖
4458,垅
4459,曌
4460,泞
4461,閰
4462,茨
4463,枸
4464,菟
4465,翮
4466,熳
4467,瘴
4468,瘟
4469,钭
4470,琉
4471,钤
4472,氤
4473,氲
4474,泔
4475,玨
4476,诩
4477,芷
4478,濑
4479,恽
4480,伥
4481,氨
4482,磷
4483,吵
4484,赃
4485,贿
4486,伽
4487,耙
4488,嘛
4489,褰
4490,洧
4491,遛
4492,僭
4493,绷
4494,谚
4495,钳
4496,蓍
4497,秫
4498,缃
4499,锱
4500,铢
4501,轶
4502,鬘
4503,裒
4504,徳
4505,贩
4506,嫠
4507,浜
4508,蚩
4509,閑
4510,薮
4511,豕
4512,盍
4513,匄
4514,圳
4515,羌
4516,盯
4517,娴
4518,莛
4519,桁
4520,皿
4521,掇
4522,痈
4523,跻
4524,瀹
4525,搵
4526,鲫
4527,鲋
4528,趾
4529,纻
4530,拽
4531,荤
4532,姚
4533,墒
4534,侈
4535,咿
4536,呀
4537,於
4538,批
4539,薅
4540,渎
4541,煲
4542,桕
4543,螳
4544,螂
4545,馏
4546,邅
4547,旒
4548,蔙
4549,豗
4550,纡
4551,癸
4552,柄
4553,轳
4554,愫
4555,坔
4556,绥
4557,骇
4558,羍
4559,雒
4560,墉
4561,噤
4562,岘
4563,玕
4564,糍
4565,粑
4566,谶
4567,巘
4568,璐
4569,伺
4570,噙
4571,捺
4572,撤
4573,锶
4574,啖
4575,…
4576,氢
4577,赝
4578,珂
4579,邓
4580,誺
4581,邳
4582,俬
4583,骜
4584,诋
4585,甓
4586,鄙
4587,槚
4588,筱
4589,湄
4590,怖
4591,睽
4592,胯
4593,鹬
4594,吓
4595,稽
4596,锨
4597,踟
4598,蹰
4599,钏
4600,搬
4601,盂
4602,铫
4603,鳳
4604,爰
4605,珥
4606,偈
4607,徼
4608,沌
4609,纂
4610,浚
4611,崂
4612,搦
4613,缦
4614,赓
4615,笳
4616,剐
4617,鸠
4618,娅
4619,叵
4620,臬
4621,邯
4622,郸
4623,尉
4624,掞
4625,縁
4626,钜
4627,矅
4628,捶
4629,恹
4630,槌
4631,踯
4632,躅
4633,骅
4634,骝
4635,渗
4636,墀
4637,髫
4638,罨
4639,疲
4640,叆
4641,叇
4642,扳
4643,偎
4644,饯
4645,蟥
4646,酗
4647,郢
4648,荦
4649,瞀
4650,箍
4651,虔
4652,弋
4653,騄
4654,锺
4655,開
4656,嶀
4657,祗
4658,嘏
4659,裴
4660,罡
4661,坑
4662,暝
4663,阗
4664,祺
4665,煽
4666,鵩
4667,敎
4668,愛
4669,莠
4670,鹁
4671,赈
4672,樾
4673,墈
4674,烩
4675,逦
4676,吨
4677,渍
4678,讷
4679,槁
4680,瞌
4681,罕
4682,歙
4683,梆
4684,橡
4685,郗
4686,鲐
4687,璜
4688,锥
4689,枌
4690,籀
4691,閒
4692,侄
4693,唉
4694,蠕
4695,皛
4696,阎
4697,腚
4698,劾
4699,磺
4700,皵
4701,骘
4702,荸
4703,荠
4704,檵
4705,溉
4706,惦
4707,爸
4708,腌
4709,秧
4710,塅
4711,枵
4712,剃
4713,媳
4714,煊
4715,谟
4716,趟
4717,鳃
4718,囹
4719,圄
4720,鹞
4721,歃
4722,朓
4723,僰
4724,胃
4725,觏
4726,悍
4727,焙
4728,渖
4729,沭
4730,祁
4731,咳
4732,姝
4733,椋
4734,苿
4735,囗
4736,例
4737,尴
4738,尬
4739,狡
4740,瓤
4741,饪
4742,廪
4743,滹
4744,玮
4745,桦
4746,蒜
4747,吱
4748,侔
4749,睇
4750,吒
4751,圖
4752,歸
4753,槿
4754,豋
4755,嘤
4756,埂
4757,爨
4758,祐
4759,吭
4760,崆
4761,峒
4762,遴
4763,扆
4764,惶
4765,冏
4766,舱
4767,枳
4768,啜
4769,隰
4770,哗
4771,佾
4772,枘
4773,揾
4774,佚
4775,琬
4776,锢
4777,庀
4778,镆
4779,铘
4780,罾
4781,琯
4782,鞑
4783,贶
4784,汰
4785,睬
4786,哄
4787,町
4788,诈
4789,霉
4790,乏
4791,哞
4792,沔
4793,镑
4794,绠
4795,滏
4796,偌
4797,忏
4798,邂
4799,逅
4800,渼
4801,艿
4802,惮
4803,辆
4804,斁
4805,详
4806,绯
4807,镍
4808,陕
4809,癎
4810,疥
4811,搂
4812,吝
4813,垮
4814,螣
4815,艅
4816,懵
4817,桫
4818,狸
4819,恳
4820,羅
4821,漢
4822,請
4823,觀
4824,榈
4825,駪
4826,纽
4827,饷
4828,茱
4829,坍
4830,晁
4831,鲎
4832,礩
4833,羝
4834,壕
4835,飐
4836,胙
4837,叛
4838,斌
4839,苁
4840,鮀
4841,瘗
4842,黟
4843,噶
4844,咢
4845,翕
4846,糟
4847,戬
4848,淝
4849,葞
4850,鄣
4851,盔
4852,痼
4853,孳
4854,旛
4855,悯
4856,芪
4857,啻
4858,凳
4859,跗
4860,炤
4861,氅
4862,靴
4863,穂
4864,赳
4865,玺
4866,顗
4867,缢
4868,廨
4869,桧
4870,皑
4871,碱
4872,睫
4873,颔
4874,戽
4875,丫
4876,匏
4877,彊
4878,绞
4879,帱
4880,椰
4881,凇
4882,呲
4883,孑
4884,沤
4885,袈
4886,裟
4887,擐
4888,瘌
4889,痢
4890,磁
4891,脯
4892,鲙
4893,咨
4894,乜
4895,妥
4896,鱮
4897,糁
4898,尌
4899,箎
4900,岷
4901,旆
4902,溆
4903,蛊
4904,轸
4905,崑
4906,崙
4907,秬
4908,秠
4909,芑
4910,啊
4911,拏
4912,恫
4913,俐
4914,兖
4915,梼
4916,杌
4917,亶
4918,帕
4919,酶
4920,怆
4921,彗
4922,涿
4923,阪
4924,椅
4925,撅
4926,臀
4927,卐
4928,辂
4929,汞
4930,尿
4931,麋
4932,觜
4933,殛
4934,舶
4935,灒
4936,箩
4937,赡
4938,箜
4939,篌
4940,叼
4941,彥
4942,飚
4943,廛
4944,袱
4945,膛
4946,朶
4947,嘞
4948,隹
4949,薜
4950,唬
4951,坨
4952,裆
4953,眦
4954,弨
4955,蕡
4956,鄱
4957,婧
4958,赆
4959,臼
4960,殢
4961,罽
4962,缮
4963,礅
4964,搉
4965,沚
4966,镝
4967,酩
4968,酊
4969,婢
4970,疫
4971,蜩
4972,弑
4973,柞
4974,礡
4975,駃
4976,炜
4977,馍
4978,〇
4979,鬣
4980,眇
4981,溃
4982,扽
4983,瞄
4984,鹘
4985,嵇
4986,塬
4987,悸
4988,纥
4989,衽
4990,唏
4991,矱
4992,抉
4993,沆
4994,漭
4995,锚
4996,笥
4997,亟
4998,榘
4999,圜
5000,颛
5001,顼
5002,杪
5003,浈
5004,汕
5005,壹
5006,婀
5007,楣
5008,炆
5009,囧
5010,挞
5011,頍
5012,弁
5013,荥
5014,锹
5015,皕
5016,晌
5017,呓
5018,湲
5019,篾
5020,蘼
5021,甃
5022,艄
5023,逻
5024,楂
5025,棼
5026,拎
5027,叁
5028,祢
5029,蚤
5030,箐
5031,胳
5032,膊
5033,绦
5034,炰
5035,狎
5036,胚
5037,鼔
5038,亳
5039,囯
5040,捋
5041,疃
5042,茕
5043,漉
5044,龆
5045,岵
5046,镲
5047,铲
5048,亸
5049,鞚
5050,骆
5051,痣
5052,鸑
5053,鷟
5054,咮
5055,糕
5056,崮
5057,捡
5058,扔
5059,拊
5060,佶
5061,岀
5062,鶱
5063,垤
5064,聘
5065,涑
5066,杓
5067,瀰
5068,桡
5069,胁
5070,鞳
5071,噼
5072,愕
5073,褦
5074,襶
5075,蔌
5076,呷
5077,茬
5078,辐
5079,辏
5080,栀
5081,茆
5082,鲨
5083,薛
5084,猗
5085,亷
5086,稠
5087,廑
5088,昀
5089,棰
5090,忱
5091,趄
5092,棓
5093,聿
5094,幺
5095,镖
5096,瞠
5097,屺
5098,嫱
5099,诒
5100,莪
5101,瘫
5102,廻
5103,欤
5104,桢
5105,砸
5106,铣
5107,玡
5108,骠
5109,灸
5110,膜
5111,龀
5112,缜
5113,曩
5114,鲊
5115,捅
5116,喇
5117,叭
5118,剡
5119,瀣
5120,傔
5121,蒡
5122,疹
5123,砣
5124,棣
5125,嗤
5126,炀
5127,嗥
5128,铧
5129,勷
5130,肮
5131,萆
5132,锲
5133,闳
5134,湜
5135,竣
5136,龊
5137,蜢
5138,奄
5139,侑
5140,绑
5141,谠
5142,笕
5143,蛀
5144,砑
5145,崐
5146,窜
5147,掺
5148,啦
5149,枞
5150,旰
5151,衿
5152,倥
5153,偬
5154,尕
5155,幢
5156,帨
5157,嫏
5158,嬛
5159,榇
5160,牗
5161,洨
5162,靑
5163,濮
5164,鸵
5165,罍
5166,睐
5167,觐
5168,痧
5169,柽
5170,漈
5171,荚
5172,馈
5173,鞅
5174,鳊
5175,谬
5176,祓
5177,藿
5178,噬
5179,喏
5180,碉
5181,彀
5182,狷
5183,吶
5184,沇
5185,挪
5186,蘭
5187,覩
5188,觍
5189,洌
5190,叽
5191,釉
5192,礽
5193,芊
5194,氐
5195,祜
5196,駬
5197,霍
5198,棪
5199,旄
5200,刍
5201,仟
5202,帞
5203,湎
5204,聃
5205,陬
5206,挲
5207,瘏
5208,彬
5209,埊
5210,骓
5211,碘
5212,殡
5213,蕨
5214,唠
5215,焱
5216,铠
5217,韡
5218,雹
5219,簠
5220,孬
5221,蹚
5222,妮
5223,涮
5224,眈
5225,薏
5226,苡
5227,凐
5228,柲
5229,隳
5230,赍
5231,侪
5232,圉
5233,魑
5234,忤
5235,芰
5236,胤
5237,鎏
5238,彫
5239,媺
5240,聂
5241,谆
5242,劭
5243,羑
5244,窓
5245,肘
5246,绉
5247,耩
5248,嵋
5249,寤
5250,侥
5251,篚
5252,摛
5253,鸷
5254,禳
5255,仝
5256,赜
5257,郞
5258,铝
5259,犟
5260,舔
5261,鳣
5262,儆
5263,傩
5264,霪
5265,怂
5266,鲽
5267,棫
5268,奘
5269,淦
5270,绔
5271,轧
5272,錾
5273,卤
5274,葑
5275,雦
5276,繖
5277,寔
5278,矞
5279,雇
5280,剌
5281,侦
5282,楔
5283,誊
5284,屧
5285,泫
5286,袛
5287,獐
5288,聒
5289,淸
5290,肸
5291,蚃
5292,抡
5293,钛
5294,钒
5295,咧
5296,凼
5297,挜
5298,阇
5299,啰
5300,诃
5301,蚝
5302,涴
5303,聙
5304,炙
5305,潄
5306,悻
5307,姮
5308,杼
5309,摒
5310,嫮
5311,姱
5312,赂
5313,罂
5314,囱
5315,廋
5316,尅
5317,龡
5318,铙
5319,菠
5320,瑯
5321,跩
5322,痔
5323,瞪
5324,砭
5325,阃
5326,涡
5327,嗲
5328,拇
5329,坫
5330,雊
5331,旃
5332,垞
5333,柠
5334,檬
5335,摽
5336,馗
5337,栎
5338,茜
5339,搥
5340,噜
5341,铵
5342,谴
5343,哏
5344,蛭
5345,跤
5346,醑
5347,蜷
5348,肪
5349,胱
5350,铖
5351,咐
5352,噫
5353,漩
5354,洑
5355,鄯
5356,懊
5357,椴
5358,霰
5359,缣
5360,鏁
5361,髹
5362,輶
5363,菇
5364,醲
5365,艚
5366,兒
5367,倪
5368,滪
5369,涔
5370,磵
5371,阱
5372,齑
5373,螟
5374,蛉
5375,淇
5376,姥
5377,珏
5378,褾
5379,佻
5380,愬
5381,湯
5382,喔
5383,蝼
5384,忐
5385,忑
5386,辚
5387,犒
5388,沩
5389,嫓
5390,臈
5391,秣
5392,毳
5393,滤
5394,罥
5395,胛
5396,臊
5397,闵
5398,矸
5399,蹶
5400,圊
5401,膻
5402,醓
5403,醢
5404,掎
5405,柢
5406,畀
5407,昕
5408,檗
5409,鑫
5410,黝
5411,毙
5412,泷
5413,洎
5414,汴
5415,谖
5416,贽
5417,馂
5418,蘑
5419,躭
5420,艮
5421,冇
5422,絜
5423,埒
5424,蚯
5425,侩
5426,胀
5427,霈
5428,蜺
5429,亁
5430,凉
5431,讪
5432,狙
5433,醍
5434,醐
5435,诬
5436,琤
5437,畬
5438,郇
5439,蜊
5440,悒
5441,鸶
5442,鹓
5443,杈
5444,睚
5445,窿
5446,粝
5447,拗
5448,鳷
5449,甎
5450,骍
5451,颙
5452,诧
5453,掰
5454,瞿
5455,勍
5456,肓
5457,某
5458,埵
5459,淏
5460,楮
5461,瘘
5462,泵
5463,夤
5464,溷
5465,勅
5466,蒉
5467,懐
5468,粕
5469,詩
5470,弇
5471,窘
5472,掴
5473,谰
5474,菘
5475,窠
5476,鬵
5477,轭
5478,稜
5479,逵
5480,肄
5481,吆
5482,妯
5483,娌
5484,槏
5485,歊
5486,棊
5487,脐
5488,葺
5489,胫
5490,搡
5491,鹡
5492,鸰
5493,恚
5494,顠
5495,祏
5496,跂
5497,鄞
5498,芩
5499,鸮
5500,醹
5501,醁
5502,琏
5503,佃
5504,揍
5505,飮
5506,徬
5507,垌
5508,鴡
5509,鳲
5510,缗
5511,冼
5512,嫄
5513,戺
5514,踽
5515,圬
5516,錘
5517,觔
5518,髑
5519,髅
5520,簮
5521,愍
5522,灏
5523,鲠
5524,毖
5525,谀
5526,壖
5527,蹔
5528,撸
5529,镯
5530,徕
5531,鲵
5532,謦
5533,欬
5534,圻
5535,罝
5536,锭
5537,昵
5538,絪
5539,瀸
5540,豰
5541,囫
5542,囵
5543,苘
5544,牯
5545,靳
5546,缊
5547,輋
5548,诔
5549,咛
5550,缟
5551,華
5552,間
5553,畸
5554,谹
5555,洹
5556,鸲
5557,鹆
5558,匍
5559,匐
5560,饔
5561,辋
5562,罟
5563,昴
5564,赑
5565,屃
5566,钹
5567,鹣
5568,烜
5569,泐
5570,柬
5571,罣
5572,蘅
5573,酲
5574,蹇
5575,戕
5576,蝙
5577,钲
5578,樨
5579,砝
5580,旾
5581,宬
5582,綦
5583,薃
5584,佰
5585,躺
5586,趸
5587,瑛
5588,荄
5589,骎
5590,靈
5591,淙
5592,佽
5593,蓂
5594,嶻
5595,嶭
5596,郦
5597,湑
5598,祟
5599,咥
5600,猬
5601,晞
5602,酵
5603,箔
5604,崦
5605,嵫
5606,锌
5607,皦
5608,桀
5609,歉
5610,喙
5611,媸
5612,剿
5613,纣
5614,唆
5615,檷
5616,睥
5617,忉
5618,璈
5619,箦
5620,摅
5621,廖
5622,塈
5623,鱿
5624,佤
5625,郫
5626,峁
5627,寀
5628,颏
5629,硙
5630,覚
5631,氓
5632,慄
5633,婕
5634,妤
5635,诂
5636,歩
5637,崃
5638,潏
5639,瞵
5640,筌
5641,痂
5642,硐
5643,郕
5644,铡
5645,惋
5646,蹒
5647,跚
5648,嵖
5649,岈
5650,玥
5651,賖
5652,跖
5653,剎
5654,臧
5655,琰
5656,恿
5657,蹋
5658,噢
5659,鹑
5660,赉
5661,稹
5662,妊
5663,娠
5664,簃
5665,觌
5666,煜
5667,垆
5668,叻
5669,斝
5670,麀
5671,炁
5672,彧
5673,伕
5674,郅
5675,慭
5676,橫
5677,谘
5678,悱
5679,黾
5680,恟
5681,戥
5682,脔
5683,菿
5684,斡
5685,膈
5686,艘
5687,貉
5688,镛
5689,渑
5690,吗
5691,丱
5692,暌
5693,闇
5694,阊
5695,赧
5696,虮
5697,虱
5698,徭
5699,嬗
5700,鏦
5701,懔
5702,嵚
5703,吩
5704,鹢
5705,濬
5706,棨
5707,暾
5708,穰
5709,籝
5710,殄
5711,膘
5712,涣
5713,嶰
5714,磔
5715,闿
5716,珪
5717,卺
5718,缉
5719,礿
5720,禋
5721,疚
5722,绗
5723,灺
5724,潕
5725,潖
5726,洸
5727,兢
5728,餰
5729,猱
5730,卞
5731,龁
5732,荳
5733,汯
5734,鹪
5735,鹩
5736,椁
5737,曷
5738,臜
5739,忮
5740,芡
5741,髴
5742,锰
5743,剳
5744,卬
5745,刿
5746,惫
5747,鼯
5748,哩
5749,搴
5750,蝈
5751,籧
5752,毽
5753,舻
5754,烨
5755,谮
5756,秆
5757,鼋
5758,罚
5759,嘢
5760,蕲
5761,闉
5762,阏
5763,蹩
5764,枊
5765,芫
5766,魍
5767,魉
5768,阛
5769,阓
5770,橦
5771,菋
5772,鸨
5773,嫰
5774,铒
5775,玳
5776,盰
5777,楞
5778,鳢
5779,啵
5780,葼
5781,徂
5782,—
5783,廾
5784,骰
5785,岌
5786,鸹
5787,栾
5788,酢
5789,幂
5790,萑
5791,苻
5792,欃
5793,孭
5794,镬
5795,晊
5796,疎
5797,鄘
5798,哂
5799,嘥
5800,抻
5801,蠲
5802,瓴
5803,绌
5804,羚
5805,馑
5806,卍
5807,嘟
5808,呃
5809,厩
5810,坺
5811,釭
5812,晲
5813,镭
5814,晡
5815,钰
5816,腓
5817,瘅
5818,獍
5819,忪
5820,尒
5821,缬
5822,拷
5823,镪
5824,崴
5825,搐
5826,摁
5827,陂
5828,穟
5829,
5830,讫
5831,踈
5832,芎
5833,熨
5834,荇
5835,衅
5836,焊
5837,晜
5838,椹
5839,葚
5840,踬
5841,燿
5842,糅
5843,鄜
5844,殳
5845,靛
5846,滢
5847,蓠
5848,義
5849,麃
5850,畤
5851,羵
5852,撄
5853,兿
5854,瑀
5855,硖
5856,诹
5857,翂
5858,翐
5859,痊
5860,烷
5861,烃
5862,烯
5863,搯
5864,妓
5865,绨
5866,浠
5867,攥
5868,颕
5869,黥
5870,煅
5871,褵
5872,秕
5873,邛
5874,畎
5875,蕝
5876,葇
5877,荑
5878,嗳
5879,鬏
5880,眩
5881,嶓
5882,蘗
5883,踔
5884,茔
5885,玅
5886,鴂
5887,薝
5888,荪
5889,甬
5890,蟮
5891,佟
5892,缵
5893,埻
5894,啮
5895,趔
5896,疤
5897,撙
5898,牴
5899,嚎
5900,啕
5901,肾
5902,獒
5903,缧
5904,绁
5905,藘
5906,艨
5907,艟
5908,遅
5909,蛐
5910,枋
5911,膨
5912,轺
5913,募
5914,唎
5915,丗
5916,舳
5917,朕
5918,姞
5919,屉
5920,瞭
5921,餂
5922,梐
5923,俍
5924,榦
5925,绖
5926,覇
5927,峆
5928,罇
5929,蚨
5930,镏
5931,謇
5932,嶊
5933,崣
5934,匜
5935,嫜
5936,瀼
5937,洮
5938,邠
5939,鼛
5940,泅
5941,孵
5942,悫
5943,捂
5944,眶
5945,鄼
5946,簏
5947,淺
5948,浡
5949,窔
5950,枏
5951,灊
5952,盬
5953,釐
5954,閤
5955,痞
5956,珈
5957,醽
5958,祡
5959,霂
5960,臶
5961,沨
5962,璩
5963,铛
5964,牾
5965,抨
5966,靘
5967,缳
5968,刎
5969,菉
5970,逄
5971,蠏
5972,疠
5973,巣
5974,牕
5975,蛆
5976,隍
5977,圮
5978,紬
5979,栌
5980,筮
5981,飔
5982,聶
5983,洡
5984,砰
5985,怄
5986,饤
5987,镵
5988,宓
5989,呸
5990,掭
5991,菑
5992,炅
5993,褶
5994,佘
5995,鳥
5996,嗷
5997,幙
5998,讧
5999,滂
6000,湟
6001,圪
6002,垯
6003,帑
6004,矬
6005,嗑
6006,巵
6007,郛
6008,琱
6009,螽
6010,玖
6011,晧
6012,踹
6013,焐
6014,邾
6015,衩
6016,瘀
6017,偾
6018,垴
6019,爿
6020,寮
6021,虡
6022,昍
6023,烊
6024,問
6025,聞
6026,無
6027,裏
6028,昐
6029,憝
6030,鬂
6031,濩
6032,胠
6033,杩
6034,鬷
6035,伲
6036,遊
6037,桷
6038,鋚
6039,珲
6040,癞
6041,晳
6042,诅
6043,孢
6044,骒
6045,苾
6046,隄
6047,橑
6048,嚯
6049,菀
6050,旸
6051,鳍
6052,呛
6053,锏
6054,颡
6055,泚
6056,圝
6057,俶
6058,酡
6059,咦
6060,囡
6061,诮
6062,泺
6063,醖
6064,彘
6065,鲧
6066,湝
6067,旮
6068,旯
6069,蒄
6070,聱
6071,宼
6072,逡
6073,溽
6074,帡
6075,幪
6076,媊
6077,餍
6078,卣
6079,筙
6080,僮
6081,岬
6082,冑
6083,镗
6084,煴
6085,淠
6086,攫
6087,柒
6088,舐
6089,锾
6090,钊
6091,鬯
6092,檇
6093,艽
6094,戆
6095,猘
6096,稞
6097,甯
6098,斠
6099,驎
6100,麫
6101,搘
6102,鳐
6103,祧
6104,浭
6105,峉
6106,崒
6107,簋
6108,窒
6109,緉
6110,囷
6111,迳
6112,辎
6113,咔
6114,嚓
6115,垸
6116,狈
6117,舃
6118,朅
6119,摈
6120,哆
6121,椟
6122,竢
6123,辮
6124,镞
6125,瑁
6126,殽
6127,剁
6128,锒
6129,飓
6130,跄
6131,妁
6132,缙
6133,缇
6134,驺
6135,摞
6136,蕣
6137,栢
6138,宖
6139,嵕
6140,啁
6141,禩
6142,邋
6143,遢
6144,讦
6145,韨
6146,欓
6147,蔟
6148,妲
6149,葟
6150,揺
6151,伎
6152,骃
6153,鸱
6154,锛
6155,蘩
6156,癌
6157,獠
6158,痹
6159,刲
6160,龠
6161,雠
6162,嬝
6163,芣
6164,苢
6165,嬖
6166,姗
6167,暹
6168,顋
6169,覧
6170,諷
6171,蔑
6172,妣
6173,嘈
6174,怦
6175,毘
6176,畵
6177,繐
6178,篲
6179,踘
6180,椶
6181,坼
6182,刬
6183,珩
6184,焗
6185,驫
6186,昃
6187,蹻
6188,礓
6189,隈
6190,诐
6191,黏
6192,葉
6193,蹽
6194,妺
6195,曕
6196,併
6197,诓
6198,籞
6199,摴
6200,蒱
6201,盹
6202,孥
6203,鹈
6204,垩
6205,侏
6206,熘
6207,嚬
6208,蓺
6209,飲
6210,桎
6211,梏
6212,溇
6213,钙
6214,掮
6215,廸
6216,檩
6217,沜
6218,幮
6219,蔤
6220,晥
6221,榉
6222,閭
6223,閻
6224,閥
6225,閱
6226,閶
6227,闔
6228,脩
6229,暎
6230,喾
6231,褊
6232,唼
6233,褭
6234,斾
6235,澹
6236,嶫
6237,觝
6238,偻
6239,箨
6240,寃
6241,跆
6242,廔
6243,砀
6244,焠
6245,砳
6246,杕
6247,埘
6248,诽
6249,劏
6250,觱
6251,篥
6252,玠
6253,锷
6254,唻
6255,嗦
6256,堙
6257,繞
6258,箑
6259,珺
6260,嘀
6261,嗒
6262,嫪
6263,鳯
6264,鞉
6265,柷
6266,鲂
6267,巗
6268,崕
6269,蜇
6270,飧
6271,旻
6272,泃
6273,甭
6274,祘
6275,槡
6276,讹
6277,刽
6278,厓
6279,罴
6280,紊
6281,嘎
6282,柩
6283,涞
6284,魯
6285,黹
6286,蘖
6287,冸
6288,鷱
6289,崄
6290,诌
6291,珨
6292,襁
6293,褓
6294,稯
6295,峯
6296,埭
6297,獭
6298,皺
6299,跽
6300,璟
6301,璘
6302,戢
6303,谡
6304,禿
6305,滿
6306,樹
6307,馄
6308,铨
6309,茭
6310,阋
6311,怼
6312,瀍
6313,钖
6314,慆
6315,屻
6316,壈
6317,俣
6318,诟
6319,蟢
6320,谽
6321,谺
6322,瓌
6323,銙
6324,鸂
6325,鶒
6326,孖
6327,樛
6328,軿
6329,嘚
6330,贳
6331,薍
6332,牪
6333,咾
6334,扦
6335,曀
6336,訸
6337,祎
6338,挼
6339,丅
6340,躃
6341,瓒
6342,裨
6343,岠
6344,嵎
6345,嗡
6346,搧
6347,翀
6348,
6349,踮
6350,祆
6351,耷
6352,邰
6353,洫
6354,塚
6355,鞵
6356,絺
6357,绤
6358,嗞
6359,舺
6360,娼
6361,闩
6362,踦
6363,珣
6364,薀
6365,螬
6366,蘵
6367,硌
6368,镒
6369,槭
6370,膂
6371,刖
6372,鬲
6373,莩
6374,玁
6375,狁
6376,溧
6377,蔵
6378,倐
6379,遙
6380,簡
6381,裀
6382,豌
6383,榫
6384,鸜
6385,岙
6386,寖
6387,罈
6388,澨
6389,筿
6390,虿
6391,鎛
6392,籛
6393,騝
6394,哒
6395,觙
6396,阽
6397,锉
6398,诨
6399,曚
6400,悚
6401,薙
6402,煕
6403,嵛
6404,麹
6405,鯑
6406,澬
6407,冱
6408,羖
6409,噔
6410,樏
6411,泌
6412,蕺
6413,翙
6414,瞟
6415,谔
6416,嚭
6417,嗾
6418,鞫
6419,涢
6420,阨
6421,鈌
6422,塍
6423,韰
6424,睍
6425,睆
6426,糸
6427,牅
6428,鋔
6429,豉
6430,疢
6431,磉
6432,袠
6433,麰
6434,將
6435,奬
6436,蠃
6437,遘
6438,姸
6439,嗖
6440,狰
6441,狞
6442,喈
6443,倶
6444,浯
6445,臲
6446,卼
6447,谌
6448,鄚
6449,鏊
6450,琚
6451,臛
6452,漁
6453,跏
6454,掂
6455,鯈
6456,宄
6457,厝
6458,狃
6459,鹍
6460,铩
6461,咯
6462,抷
6463,袴
6464,椇
6465,悝
6466,濉
6467,餸
6468,対
6469,跶
6470,鷃
6471,硉
6472,陉
6473,俘
6474,慥
6475,蚍
6476,壅
6477,刈
6478,挐
6479,觊
6480,觎
6481,噘
6482,偓
6483,氈
6484,焜
6485,嗻
6486,坌
6487,曒
6488,蝃
6489,蘧
6490,楛
6491,颃
6492,埤
6493,璚
6494,螿
6495,啧
6496,愦
6497,腺
6498,裼
6499,裎
6500,瀵
6501,筩
6502,汖
6503,琑
6504,蟲
6505,倬
6506,舩
6507,憷
6508,鞯
6509,鲰
6510,犄
6511,曆
6512,碅
6513,磳
6514,欹
6515,洟
6516,镔
6517,脰
6518,彨
6519,庋
6520,瓻
6521,笊
6522,忖
6523,斸
6524,厍
6525,廒
6526,鍧
6527,晔
6528,粿
6529,鵁
6530,鶄
6531,嘿
6532,溲
6533,痉
6534,莨
6535,菪
6536,尥
6537,泒
6538,蔫
6539,毎
6540,鳆
6541,鲞
6542,鲳
6543,跫
6544,酴
6545,醾
6546,倅
6547,匦
6548,貊
6549,浉
6550,赁
6551,肫
6552,汈
6553,闫
6554,铓
6555,铉
6556,屟
6557,蔎
6558,觳
6559,霢
6560,蝗
6561,逥
6562,鬬
6563,泖
6564,噱
6565,禔
6566,崿
6567,酖
6568,垚
6569,喦
6570,蔸
6571,襦
6572,帬
6573,葓
6574,荨
6575,挎
6576,隩
6577,桒
6578,嵏
6579,纚
6580,龈
6581,骕
6582,绐
6583,辖
6584,亻
6585,鲭
6586,絷
6587,硒
6588,襜
6589,擓
6590,秸
6591,邽
6592,卄
6593,鬛
6594,頳
6595,榮
6596,灮
6597,锸
6598,殅
6599,玓
6600,寘
6601,瑽
6602,縻
6603,酆
6604,屙
6605,闢
6606,牂
6607,牁
6608,嫫
6609,倗
6610,儗
6611,垻
6612,鼍
6613,轾
6614,驩
6615,搢
6616,柰
6617,咕
6618,旴
6619,埏
6620,氕
6621,氘
6622,氚
6623,朣
6624,翌
6625,揠
6626,谉
6627,齾
6628,踝
6629,祊
6630,恂
6631,罱
6632,扃
6633,眆
6634,湓
6635,饫
6636,煙
6637,榾
6638,柮
6639,瑇
6640,凊
6641,荊
6642,浼
6643,盃
6644,墪
6645,筟
6646,鎔
6647,連
6648,雲
6649,樂
6650,閉
6651,抆
6652,眯
6653,椑
6654,萅
6655,彂
6656,敔
6657,稖
6658,見
6659,醨
6660,倌
6661,満
6662,佺
6663,镢
6664,婶
6665,眭
6666,瓘
6667,拮
6668,晗
6669,讬
6670,谞
6671,糺
6672,橛
6673,駜
6674,苣
6675,俳
6676,襘
6677,禜
6678,眧
6679,駹
6680,笮
6681,锽
6682,焄
6683,踅
6684,夐
6685,袷
6686,圌
6687,崪
6688,璎
6689,珞
6690,丼
6691,蜍
6692,燈
6693,嘬
6694,珙
6695,噎
6696,杇
6697,擪
6698,诎
6699,蟫
6700,刳
6701,嵊
6702,舣
6703,柟
6704,緪
6705,睑
6706,虓
6707,竄
6708,訉
6709,眙
6710,涒
6711,鞞
6712,奭
6713,仡
6714,鏡
6715,孫
6716,戗
6717,陔
6718,帢
6719,鲡
6720,轵
6721,臌
6722,歈
6723,廐
6724,蹼
6725,壻
6726,秹
6727,琲
6728,烋
6729,浄
6730,埽
6731,渫
6732,靸
6733,濊
6734,氯
6735,喚
6736,莴
6737,頭
6738,巒
6739,嶽
6740,巃
6741,嵷
6742,崜
6743,嶺
6744,醵
6745,缞
6746,釄
6747,懞
6748,
6749,翾
6750,墼
6751,牦
6752,徯
6753,蒪
6754,皪
6755,嵼
6756,糵
6757,乂
6758,亵
6759,垟
6760,耖
6761,綍
6762,赪
6763,漷
6764,悳
6765,阼
6766,蹐
6767,緑
6768,寉
6769,陴
6770,眣
6771,瓿
6772,碯
6773,筅
6774,
6775,靧
6776,繙
6777,壸
6778,掳
6779,庹
6780,嬿
6781,冦
6782,終
6783,誤
6784,骷
6785,楦
6786,筲
6787,悢
6788,鷄
6789,溼
6790,饨
6791,湭
6792,鉏
6793,麍
6794,箇
6795,莜
6796,簖
6797,鋳
6798,雝
6799,鳜
6800,嫒
6801,榐
6802,傋
6803,怿
6804,倔
6805,眒
6806,從
6807,猨
6808,逌
6809,攝
6810,湆
6811,狒
6812,盱
6813,榱
6814,氎
6815,旡
6816,檞
6817,栲
6818,眞
6819,熿
6820,甞
6821,靺
6822,鞨
6823,邴
6824,沝
6825,纁
6826,袗
6827,艎
6828,阂
6829,興
6830,噐
6831,肁
6832,迍
6833,岹
6834,劻
6835,苴
6836,脘
6837,躏
6838,黠
6839,罘
6840,垭
6841,馀
6842,埼
6843,螓
6844,嗉
6845,裈
6846,齮
6847,掼
6848,岣
6849,嵝
6850,螗
6851,薬
6852,粳
6853,闖
6854,鬧
6855,甿
6856,疡
6857,鄪
6858,勠
6859,莒
6860,昒
6861,觕
6862,須
6863,褆
6864,虻
6865,踉
6866,夑
6867,唰
6868,猕
6869,剏
6870,嶲
6871,遶
6872,畇
6873,桄
6874,惴
6875,媻
6876,劢
6877,呑
6878,鷎
6879,砒
6880,斅
6881,昝
6882,冡
6883,芃
6884,鍪
6885,迴
6886,襞
6887,飢
6888,滄
6889,豤
6890,颒
6891,撂
6892,呪
6893,愀
6894,禖
6895,疱
6896,蒺
6897,槖
6898,艧
6899,峽
6900,弸
6901,媂
6902,孓
6903,朤
6904,竦
6905,侭
6906,醠
6907,妬
6908,锟
6909,铻
6910,枻
6911,矧
6912,妘
6913,趱
6914,昉
6915,翃
6916,蔇
6917,蟏
6918,蛸
6919,蹯
6920,轱
6921,鏄
6922,锃
6923,縉
6924,柂
6925,瞆
6926,寛
6927,歕
6928,晩
6929,骼
6930,牓
6931,畛
6932,鳦
6933,筭
6934,毐
6935,輝
6936,饸
6937,饹
6938,嫔
6939,疣
6940,彯
6941,秊
6942,褡
6943,疋
6944,蒌
6945,狯
6946,騕
6947,羴
6948,鱻
6949,槀
6950,殍
6951,餗
6952,為
6953,長
6954,籐
6955,砼
6956,粢
6957,堇
6958,彖
6959,敭
6960,昩
6961,穀
6962,丨
6963,滘
6964,癃
6965,糗
6966,劵
6967,鰕
6968,旿
6969,饧
6970,眲
6971,矾
6972,虀
6973,蕹
6974,疬
6975,铆
6976,愊
6977,磾
6978,忭
6979,漶
6980,汎
6981,瀐
6982,蹀
6983,諟
6984,耪
6985,脁
6986,酂
6987,蠋
6988,郤
6989,啐
6990,籯
6991,饩
6992,瘰
6993,幨
6994,砦
6995,繻
6996,弤
6997,夲
6998,皙
6999,枬
7000,帲
7001,鞸
7002,僇
7003,窬
7004,紃
7005,崀
7006,荈
7007,錢
7008,泝
7009,忡
7010,窣
7011,犂
7012,躞
7013,簜
7014,鎗
7015,笻
7016,睏
7017,謌
7018,徴
7019,梃
7020,討
7021,缛
7022,珽
7023,瑨
7024,來
7025,娣
7026,獯
7027,恀
7028,猶
7029,鲆
7030,繄
7031,龋
7032,刾
7033,櫂
7034,鯮
7035,禠
7036,豊
7037,憍
7038,蹿
7039,鳕
7040,彿
7041,録
7042,塿
7043,鑐
7044,廙
7045,薉
7046,泜
7047,蕐
7048,砻
7049,淜
7050,怳
7051,嗨
7052,挛
7053,劚
7054,衖
7055,咝
7056,檠
7057,俅
7058,阉
7059,嗋
7060,砲
7061,榅
7062,桲
7063,翣
7064,
7065,酺
7066,吋
7067,慤
7068,鰋
7069,剸
7070,揲
7071,彛
7072,哝
7073,蘐
7074,藟
7075,礞
7076,眊
7077,鱄
7078,蜥
7079,蜴
7080,臿
7081,艗
7082,麂
7083,堲
7084,坿
7085,垱
7086,枱
7087,勐
7088,愣
7089,痿
7090,碪
7091,嚏
7092,顸
7093,熛
7094,焖
7095,巿
7096,佂
7097,攡
7098,縡
7099,毾
7100,覴
7101,咁
7102,蹓
7103,畾
7104,钎
7105,寧
7106,菂
7107,遲
7108,肈
7109,濞
7110,龢
7111,蛄
7112,騑
7113,鹙
7114,嘁
7115,刜
7116,滍
7117,鴨
7118,熵
7119,蕞
7120,尨
7121,効
7122,爲
7123,咈
7124,袚
7125,沵
7126,铂
7127,拑
7128,鵷
7129,鬐
7130,谵
7131,筞
7132,殥
7133,萐
7134,犵
7135,猺
7136,阄
7137,孛
7138,傒
7139,埗
7140,増
7141,萰
7142,蝜
7143,蝂
7144,鞓
7145,槜
7146,僢
7147,隲
7148,邘
7149,絙
7150,鸸
7151,褉
7152,郜
7153,揜
7154,撺
7155,繇
7156,佉
7157,敉
7158,塆
7159,苫
7160,佝
7161,瓈
7162,闬
7163,竘
7164,胴
7165,硼
7166,缷
7167,逈
7168,阍
7169,涙
7170,棐
7171,颧
7172,岕
7173,淂
7174,氋
7175,氃
7176,捩
7177,趼
7178,蠁
7179,匋
7180,藴
7181,裉
7182,擥
7183,憗
7184,疍
7185,椈
7186,匼
7187,嗐
7188,茝
7189,髀
7190,廵
7191,薨
7192,愃
7193,屼
7194,矄
7195,坭
7196,盦
7197,鼚
7198,酻
7199,裛
7200,巑
7201,岏
7202,巌
7203,筪
7204,鋾
7205,琎
7206,舢
7207,髲
7208,磙
7209,嵦
7210,滃
7211,盇
7212,藊
7213,攮
7214,颀
7215,痾
7216,埲
7217,綵
7218,钣
7219,埜
7220,镊
7221,秅
7222,筦
7223,腩
7224,噌
7225,吰
7226,苈
7227,惝
7228,黮
7229,黤
7230,茐
7231,爚
7232,畞
7233,荗
7234,瑧
7235,廯
7236,咻
7237,嵴
7238,醎
7239,颺
7240,圹
7241,痪
7242,礐
7243,牏
7244,荽
7245,搕
7246,瞅
7247,鳗
7248,姁
7249,媮
7250,車
7251,欔
7252,傧
7253,笾
7254,汔
7255,鵾
7256,旙
7257,褫
7258,剗
7259,禨
7260,箝
7261,揄
7262,櫶
7263,懑
7264,庼
7265,斨
7266,婦
7267,碫
7268,坰
7269,櫑
7270,梩
7271,麌
7272,鲒
7273,婳
7274,铳
7275,綮
7276,榧
7277,枼
7278,煳
7279,粵
7280,環
7281,禫
7282,啟
7283,枨
7284,芘
7285,莝
7286,燖
7287,
7288,仳
7289,褙
7290,峞
7291,糧
7292,炟
7293,毚
7294,曵
7295,丌
7296,噛
7297,歯
7298,憇
7299,蝘
7300,畯
7301,祫
7302,跣
7303,薡
7304,蕫
7305,姠
7306,戁
7307,魈
7308,笱
7309,镘
7310,玟
7311,澣
7312,嘐
7313,櫋
7314,雙
7315,嵽
7316,苼
7317,蘥
7318,莭
7319,籕
7320,拶
7321,堠
7322,歔
7323,豨
7324,仵
7325,堷
7326,崷
7327,鹇
7328,媾
7329,黧
7330,桊
7331,柁
7332,飕
7333,脽
7334,厾
7335,鄦
7336,泙
7337,禆
7338,飽
7339,茇
7340,媿
7341,縞
7342,翯
7343,妗
7344,韮
7345,笫
7346,眬
7347,斿
7348,瞋
7349,铰
7350,喽
7351,颱
7352,玎
7353,斲
7354,湉
7355,旐
7356,竸
7357,欵
7358,鵰
7359,蜯
7360,蚡
7361,菔
7362,欷
7363,蒇
7364,麑
7365,麕
7366,屛
7367,爟
7368,杒
7369,殂
7370,劂
7371,蓥
7372,伾
7373,旟
7374,覌
7375,鴃
7376,鲔
7377,蘓
7378,瘣
7379,伧
7380,髢
7381,荅
7382,睟
7383,異
7384,県
7385,恵
7386,蒳
7387,橼
7388,
7389,畋
7390,芄
7391,偱
7392,暱
7393,鞬
7394,眚
7395,窀
7396,穸
7397,郃
7398,尻
7399,鼪
7400,猹
7401,籼
7402,攧
7403,筤
7404,峩
7405,镁
7406,葈
7407,桉
7408,筳
7409,扙
7410,噉
7411,漴
7412,珉
7413,颣
7414,蹵
7415,砩
7416,椪
7417,孞
7418,楄
7419,緣
7420,悊
7421,娳
7422,髟
7423,竉
7424,犜
7425,嶦
7426,埝
7427,漦
7428,軽
7429,臞
7430,奼
7431,氰
7432,胺
7433,溠
7434,岉
7435,澌
7436,矻
7437,墦
7438,浺
7439,囮
7440,瑠
7441,驵
7442,晬
7443,雱
7444,綄
7445,颿
7446,埦
7447,菓
7448,賞
7449,醘
7450,敻
7451,槠
7452,鸴
7453,蛳
7454,禇
7455,皃
7456,虖
7457,醿
7458,钨
7459,潲
7460,訟
7461,胨
7462,亹
7463,錬
7464,慊
7465,娭
7466,毑
7467,麯
7468,埢
7469,麸
7470,蕗
7471,颚
7472,鵻
7473,慶
7474,傕
7475,仭
7476,朐
7477,齰
7478,靼
7479,碁
7480,饆
7481,饠
7482,洚
7483,氮
7484,嶝
7485,緂
7486,謝
7487,暻
7488,碨
7489,醯
7490,葅
7491,痨
7492,籋
7493,幰
7494,饾
7495,喁
7496,巓
7497,暍
7498,囍
7499,恓
7500,酃
7501,觽
7502,則
7503,盡
7504,瘳
7505,哇
7506,僖
7507,瑊
7508,睠
7509,蟊
7510,笇
7511,櫈
7512,嫭
7513,稊
7514,噍
7515,鮄
7516,蓫
7517,沄
7518,馰
7519,瞡
7520,峿
7521,囬
7522,蔛
7523,恧
7524,苶
7525,锔
7526,鶠
7527,臃
7528,韠
7529,秭
7530,鼟
7531,変
7532,怃
7533,厖
7534,叡
7535,琌
7536,啷
7537,锩
7538,綌
7539,巻
7540,愔
7541,葶
7542,哓
7543,瘿
7544,郾
7545,
7546,擿
7547,糨
7548,龃
7549,龉
7550,唘
7551,跱
7552,篴
7553,蔄
7554,冔
7555,侫
7556,鬚
7557,書
7558,朎
7559,麏
7560,麚
7561,狖
7562,犰
7563,讌
7564,繘
7565,夠
7566,時
7567,鴥
7568,萹
7569,鎯
7570,赬
7571,螠
7572,鎙
7573,醊
7574,閣
7575,濁
7576,禘
7577,筥
7578,硗
7579,昇
7580,婑
7581,媠
7582,鲶
7583,岒
7584,襕
7585,怏
7586,俢
7587,飁
7588,竫
7589,嘨
7590,堋
7591,昁
7592,镃
7593,咡
7594,捌
7595,畷
7596,旊
7597,晹
7598,觖
7599,睪
7600,幷
7601,蘲
7602,暘
7603,栴
7604,戸
7605,恝
7606,耧
7607,隃
7608,稇
7609,蜨
7610,祋
7611,祤
7612,潾
7613,袪
7614,箅
7615,粬
7616,歺
7617,蓁
7618,兎
7619,頞
7620,褋
7621,佪
7622,夒
7623,蒟
7624,麇
7625,阌
7626,荛
7627,躐
7628,鲟
7629,艹
7630,齊
7631,飛
7632,疸
7633,亰
7634,讠
7635,噗
7636,哧
7637,颟
7638,抝
7639,擗
7640,悰
7641,訇
7642,魃
7643,稏
7644,羇
7645,貎
7646,葯
7647,梱
7648,堁
7649,艁
7650,鲮
7651,惛
7652,伮
7653,笯
7654,鸺
7655,鹠
7656,氺
7657,虆
7658,豮
7659,锜
7660,螫
7661,圧
7662,蚆
7663,鄠
7664,碏
7665,黓
7666,哟
7667,垧
7668,蚬
7669,僝
7670,僽
7671,鲦
7672,狝
7673,噀
7674,仼
7675,蟪
7676,嶪
7677,歜
7678,蚹
7679,暢
7680,霣
7681,跺
7682,椐
7683,瞾
7684,墻
7685,陧
7686,縕
7687,幞
7688,囝
7689,訿
7690,鈅
7691,昫
7692,揚
7693,埕
7694,鳇
7695,栆
7696,藂
7697,薢
7698,茩
7699,墖
7700,郓
7701,锬
7702,錗
7703,轗
7704,鶗
7705,禢
7706,韣
7707,筼
7708,搽
7709,赩
7710,諴
7711,纕
7712,嫽
7713,摐
7714,乣
7715,鵏
7716,淃
7717,栵
7718,僊
7719,摋
7720,壌
7721,齕
7722,內
7723,灜
7724,鐘
7725,馿
7726,濋
7727,馮
7728,堍
7729,唛
7730,芐
7731,罃
7732,怔
7733,筜
7734,姫
7735,娈
7736,缾
7737,戯
7738,鱣
7739,炔
7740,栁
7741,氍
7742,詠
7743,閩
7744,漘
7745,薫
7746,踠
7747,蹪
7748,娤
7749,麐
7750,鹱
7751,厯
7752,縆
7753,汜
7754,橇
7755,俜
7756,嗯
7757,摭
7758,塂
7759,堃
7760,鼹
7761,爝
7762,珐
7763,輁
7764,鐡
7765,瞢
7766,儦
7767,畐
7768,駊
7769,騀
7770,杋
7771,剞
7772,阯
7773,隗
7774,艸
7775,忸
7776,怩
7777,躹
7778,狴
7779,偝
7780,巀
7781,鬅
7782,耈
7783,湋
7784,酙
7785,瑱
7786,埸
7787,烻
7788,藙
7789,氂
7790,綀
7791,霶
7792,辊
7793,绋
7794,
7795,慝
7796,豏
7797,韾
7798,哳
7799,稲
7800,榃
7801,
7802,狺
7803,彴
7804,灥
7805,雥
7806,瞐
7807,眎
7808,丏
7809,轕
7810,鄹
7811,遹
7812,蕻
7813,醰
7814,甪
7815,蜾
7816,膴
7817,瑗
7818,隤
7819,瘵
7820,動
7821,鹯
7822,鞮
7823,菼
7824,譆
7825,玪
7826,後
7827,碴
7828,腱
7829,蜣
7830,蛣
7831,蠥
7832,麴
7833,铤
7834,粞
7835,醥
7836,喆
7837,屸
7838,壇
7839,蹧
7840,毷
7841,氉
7842,飗
7843,艒
7844,荬
7845,犴
7846,饁
7847,怱
7848,蓤
7849,葰
7850,襻
7851,膡
7852,雘
7853,騃
7854,铊
7855,稉
7856,豜
7857,痳
7858,嘣
7859,瑳
7860,蝛
7861,缂
7862,愓
7863,嶤
7864,逹
7865,徢
7866,籣
7867,皜
7868,磈
7869,襮
7870,睲
7871,亀
7872,鍂
7873,芵
7874,璄
7875,睾
7876,甆
7877,劖
7878,仚
7879,岺
7880,帟
7881,恴
7882,槔
7883,穾
7884,檎
7885,傘
7886,苲
7887,霨
7888,愎
7889,譽
7890,丠
7891,歭
7892,隻
7893,獨
7894,郂
7895,瑸
7896,憁
7897,箖
7898,箊
7899,偪
7900,茳
7901,鍊
7902,弢
7903,骉
7904,駥
7905,枩
7906,怗
7907,舘
7908,栘
7909,兲
7910,嘭
7911,偘
7912,炘
7913,闌
7914,豭
7915,耑
7916,赗
7917,嗄
7918,祲
7919,塠
7920,姽
7921,弞
7922,镋
7923,歬
7924,楯
7925,張
7926,紅
7927,酼
7928,篘
7929,抺
7930,赙
7931,缻
7932,怘
7933,鴈
7934,発
7935,衎
7936,倞
7937,陹
7938,処
7939,缯
7940,鹥
7941,禝
7942,鲇
7943,掊
7944,癜
7945,儥
7946,郿
7947,當
7948,賛
7949,瑑
7950,伋
7951,蚼
7952,瘖
7953,牠
7954,蕰
7955,撝
7956,衄
7957,酕
7958,醄
7959,樆
7960,鱆
7961,糥
7962,簴
7963,倕
7964,尢
7965,揎
7966,祾
7967,蚋
7968,疁
7969,蘜
7970,戋
7971,凕
7972,鴒
7973,憺
7974,阈
7975,","
7976,蓕
7977,塻
7978,髺
7979,玢
7980,敨
7981,鳒
7982,餔
7983,鑲
7984,賨
7985,氡
7986,偸
7987,塥
7988,甡
7989,棻
7990,滉
7991,坩
7992,埚
7993,菳
7994,計
7995,珃
7996,隮
7997,笴
7998,橂
7999,抜
8000,萬
8001,骦
8002,棬
8003,禭
8004,萚
8005,垡
8006,墚
8007,獦
8008,褀
8009,詄
8010,竑
8011,釆
8012,髪
8013,钕
8014,鼬
8015,湇
8016,輈
8017,砡
8018,堧
8019,岢
8020,盩
8021,蛴
8022,丄
8023,旹
8024,穼
8025,眅
8026,畊
8027,冭
8028,燋
8029,欱
8030,蛔
8031,诜
8032,岊
8033,鳀
8034,鱚
8035,弾
8036,蓐
8037,哿
8038,稧
8039,慇
8040,懃
8041,搿
8042,皊
8043,煺
8044,揿
8045,燻
8046,锞
8047,椷
8048,墬
8049,黁
8050,乸
8051,橚
8052,俓
8053,殴
8054,馞
8055,劼
8056,証
8057,狨
8058,庳
8059,镮
8060,濳
8061,嶶
8062,嵓
8063,浞
8064,蜱
8065,侉
8066,竛
8067,竮
8068,緖
8069,蕍
8070,羮
8071,矌
8072,铱
8073,咴
8074,梂
8075,碔
8076,砆
8077,堯
8078,柈
8079,慞
8080,π
8081,幍
8082,锼
8083,鼖
8084,酇
8085,毵
8086,搠
8087,種
8088,裯
8089,笶
8090,徃
8091,胰
8092,鄅
8093,栻
8094,纮
8095,揃
8096,辁
8097,鳔
8098,龅
8099,龇
8100,肛
8101,蝥
8102,靉
8103,靆
8104,钴
8105,硃
8106,怊
8107,蓏
8108,揷
8109,哐
8110,黒
8111,奓
8112,溴
8113,掱
8114,噰
8115,巂
8116,滱
8117,蕸
8118,稃
8119,佴
8120,馬
8121,蟑
8122,胾
8123,櫡
8124,簰
8125,酮
8126,泆
8127,鼒
8128,冮
8129,趠
8130,菻
8131,柺
8132,岞
8133,镠
8134,噻
8135,爼
8136,壠
8137,輏
8138,俛
8139,痤
8140,杧
8141,靁
8142,犋
8143,媭
8144,瘥
8145,抩
8146,惢
8147,畗
8148,鵓
8149,罳
8150,棃
8151,詤
8152,慾
8153,犉
8154,岍
8155,夘
8156,綝
8157,裢
8158,兩
8159,會
8160,縢
8161,姘
8162,鷩
8163,鸧
8164,搌
8165,溏
8166,狳
8167,蓷
8168,禯
8169,蟴
8170,嬲
8171,駏
8172,缲
8173,閸
8174,蚿
8175,刋
8176,趃
8177,洊
8178,袥
8179,嚱
8180,魚
8181,餧
8182,鳾
8183,滈
8184,誌
8185,豐
8186,閬
8187,髡
8188,揸
8189,豂
8190,攂
8191,滛
8192,狉
8193,獉
8194,扞
8195,湅
8196,鶌
8197,诿
8198,笪
8199,鋆
8200,猞
8201,猁
8202,碞
8203,锴
8204,墐
8205,馌
8206,竁
8207,鳙
8208,邬
8209,湦
8210,葸
8211,猇
8212,瞓
8213,瀁
8214,査
8215,芤
8216,黙
8217,卋
8218,窮
8219,駈
8220,陽
8221,關
8222,辒
8223,逕
8224,猤
8225,宨
8226,揶
8227,簔
8228,砎
8229,砢
8230,峇
8231,嘒
8232,苨
8233,彡
8234,斎
8235,浤
8236,镴
8237,烕
8238,鲗
8239,惙
8240,耵
8241,聍
8242,霝
8243,哚
8244,昛
8245,狊
8246,緾
8247,眛
8248,苯
8249,耰
8250,捜
8251,峂
8252,捃
8253,壎
8254,湼
8255,鶺
8256,黪
8257,梀
8258,珸
8259,忈
8260,穦
8261,齯
8262,弌
8263,弍
8264,弎
8265,邡
8266,瘊
8267,鄫
8268,簳
8269,奀
8270,煖
8271,轜
8272,巇
8273,嚚
8274,霙
8275,窎
8276,粻
8277,蠌
8278,皭
8279,撃
8280,蔴
8281,腭
8282,躩
8283,騒
8284,鈔
8285,秔
8286,飑
8287,尓
8288,峀
8289,鄃
8290,瀯
8291,屌
8292,餬
8293,寳
8294,枹
8295,鸤
8296,楊
8297,裵
8298,栂
8299,媖
8300,觤
8301,漯
8302,蒴
8303,洳
8304,矇
8305,痆
8306,郐
8307,毌
8308,钠
8309,钾
8310,鍾
8311,凁
8312,唽
8313,ㄚ
8314,篻
8315,簩
8316,燑
8317,聈
8318,媓
8319,鲥
8320,扊
8321,扅
8322,邝
8323,掽
8324,菹
8325,硏
8326,搊
8327,珓
8328,鞲
8329,碚
8330,刼
8331,茛
8332,磥
8333,媰
8334,韈
8335,蝍
8336,萩
8337,粡
8338,窾
8339,舲
8340,輀
8341,隡
8342,醸
8343,鞕
8344,鷘
8345,倻
8346,衞
8347,誇
8348,讚
8349,稌
8350,買
8351,汵
8352,汍
8353,疰
8354,勗
8355,奻
8356,剀
8357,猋
8358,涳
8359,姌
8360,竒
8361,稥
8362,觿
8363,韘
8364,厣
8365,軷
8366,棔
8367,柙
8368,睃
8369,孮
8370,靿
8371,舡
8372,跼
8373,鈇
8374,
8375,擧
8376,圗
8377,誷
8378,褍
8379,裡
8380,訚
8381,喵
8382,惵
8383,醙
8384,枿
8385,螅
8386,螾
8387,霐
8388,凈
8389,迊
8390,趑
8391,龍
8392,龘
8393,嫈
8394,嫇
8395,昬
8396,啀
8397,銜
8398,踶
8399,豼
8400,鴟
8401,咣
8402,宻
8403,喓
8404,暜
8405,砉
8406,輲
8407,鑿
8408,颎
8409,亗
8410,収
8411,鱑
8412,澾
8413,扺
8414,澘
8415,烺
8416,黽
8417,絲
8418,纟
8419,郄
8420,鲩
8421,燚
8422,閴
8423,喬
8424,嬌
8425,欿
8426,祔
8427,瞶
8428,佖
8429,岽
8430,鸫
8431,韪
8432,屾
8433,镙
8434,僬
8435,築
8436,鑨
8437,潠
8438,铏
8439,葹
8440,朩
8441,擡
8442,羭
8443,柎
8444,冐
8445,捊
8446,螵
8447,趿
8448,傫
8449,袼
8450,蘊
8451,蚰
8452,壝
8453,蒭
8454,鹋
8455,糈
8456,頖
8457,吲
8458,戲
8459,愜
8460,覗
8461,桪
8462,纰
8463,鐟
8464,鹕
8465,畢
8466,镟
8467,茘
8468,驲
8469,輮
8470,諸
8471,迕
8472,鹛
8473,忞
8474,旉
8475,趍
8476,礜
8477,鶡
8478,嬷
8479,瘢
8480,砫
8481,缐
8482,艶
8483,絣
8484,蒶
8485,襌
8486,岰
8487,蝽
8488,劙
8489,龂
8490,錡
8491,舏
8492,呶
8493,巕
8494,楧
8495,嗬
8496,燊
8497,幵
8498,硻
8499,朮
8500,崁
8501,忺
8502,藋
8503,郈
8504,蠂
8505,飤
8506,鑠
8507,鎮
8508,篔
8509,泬
8510,璁
8511,駷
8512,裣
8513,砮
8514,毹
8515,摠
8516,熖
8517,賴
8518,洏
8519,掹
8520,湡
8521,汆
8522,夼
8523,硁
8524,閨
8525,閫
8526,閃
8527,闗
8528,鉄
8529,侜
8530,唵
8531,吽
8532,峬
8533,愼
8534,琹
8535,孃
8536,玍
8537,贑
8538,轟
8539,殠
8540,暪
8541,睊
8542,掃
8543,尙
8544,蟛
8545,蜞
8546,漻
8547,齅
8548,黢
8549,剺
8550,覅
8551,睸
8552,蔔
8553,纑
8554,傽
8555,慼
8556,逭
8557,桮
8558,袎
8559,钼
8560,牤
8561,渜
8562,剬
8563,獮
8564,疖
8565,鋸
8566,焬
8567,蕳
8568,趯
8569,黰
8570,槙
8571,甴
8572,曱
8573,竚
8574,碜
8575,蝮
8576,矊
8577,夋
8578,仾
8579,爀
8580,僦
8581,腞
8582,嵿
8583,鎝
8584,犲
8585,埴
8586,婥
8587,轓
8588,悶
8589,蠓
8590,岥
8591,燦
8592,犸
8593,崯
8594,勲
8595,囘
8596,嗫
8597,嚅
8598,籖
8599,踎
8600,電
8601,瀃
8602,坵
8603,镉
8604,醃
8605,蒍
8606,絔
8607,缡
8608,鉥
8609,訡
8610,谝
8611,貴
8612,網
8613,懓
8614,黃
8615,喣
8616,摺
8617,耔
8618,貘
8619,巚
8620,辿
8621,籓
8622,唫
8623,斞
8624,隠
8625,啯
8626,烀
8627,悮
8628,檥
8629,蔹
8630,罿
8631,醆
8632,沴
8633,軏
8634,轄
8635,軒
8636,轅
8637,騠
8638,倸
8639,苖
8640,燫
8641,邉
8642,鞿
8643,裏
8644,藬
8645,鱀
8646,甙
8647,鬦
8648,梟
8649,艭
8650,锂
8651,葄
8652,揫
8653,祼
8654,顔
8655,篣
8656,繼
8657,斮
8658,鈜
8659,菭
8660,笸
8661,搰
8662,尪
8663,盝
8664,埌
8665,籲
8666,嚘
8667,篼
8668,桹
8669,筯
8670,鵉
8671,牣
8672,齁
8673,糇
8674,窊
8675,鉌
8676,簉
8677,甋
8678,豴
8679,啇
8680,誩
8681,譶
8682,沲
8683,豇
8684,磲
8685,酐
8686,畣
8687,斶
8688,亖
8689,芏
8690,殹
8691,蓖
8692,脶
8693,僔
8694,廽
8695,絃
8696,専
8697,澂
8698,鞶
8699,鋧
8700,冺
8701,簑
8702,憞
8703,惂
8704,癀
8705,桤
8706,狍
8707,谂
8708,楖
8709,鴷
8710,篠
8711,袌
8712,痦
8713,瑬
8714,嵸
8715,峛
8716,铬
8717,喍
8718,痏
8719,噏
8720,勣
8721,舠
8722,皁
8723,灈
8724,靜
8725,競
8726,崡
8727,蛲
8728,篨
8729,塝
8730,紽
8731,裩
8732,馱
8733,貨
8734,還
8735,済
8736,竇
8737,媕
8738,钡
8739,鵣
8740,鼮
8741,吡
8742,畉
8743,逯
8744,蝤
8745,跕
8746,裥
8747,罏
8748,褏
8749,毶
8750,屽
8751,灨
8752,昞
8753,啍
8754,謨
8755,魋
8756,險
8757,衝
8758,埀
8759,坄
8760,谳
8761,焘
8762,鹔
8763,鹴
8764,貙
8765,嵪
8766,緍
8767,赒
8768,焯
8769,拋
8770,蘋
8771,翆
8772,烔
8773,澒
8774,訒
8775,揳
8776,莚
8777,壊
8778,閘
8779,閙
8780,朖
8781,吪
8782,鬨
8783,郎
8784,尭
8785,哤
8786,搤
8787,龜
8788,誾
8789,籊
8790,缏
8791,宭
8792,淒
8793,涼
8794,剈
8795,憟
8796,睎
8797,珵
8798,秌
8799,熒
8800,淩
8801,谫
8802,鳟
8803,褕
8804,缒
8805,梹
8806,挙
8807,呴
8808,輙
8809,胩
8810,遡
8811,話
8812,徍
8813,飱
8814,鞀
8815,筢
8816,蜑
8817,笣
8818,墫
8819,铟
8820,蔘
8821,厊
8822,溦
8823,粄
8824,呎
8825,峍
8826,嵱
8827,灣
8828,陁
8829,殭
8830,蚳
8831,慬
8832,澶
8833,皲
8834,慃
8835,嚁
8836,轪
8837,鶵
8838,徹
8839,慗
8840,櫏
8841,荍
8842,魖
8843,絍
8844,荮
8845,庻
8846,浬
8847,馎
8848,饦
8849,鐏
8850,鹮
8851,榣
8852,耊
8853,帯
8854,睩
8855,镡
8856,猃
8857,濈
8858,廮
8859,啣
8860,註
8861,暏
8862,迧
8863,垍
8864,氙
8865,氦
8866,邊
8867,虛
8868,實
8869,谿
8870,巆
8871,鸐
8872,虈
8873,蝵
8874,吣
8875,锆
8876,丿
8877,伈
8878,襐
8879,銭
8880,瑭
8881,
8882,瞇
8883,莰
8884,檑
8885,鲃
8886,
8887,滮
8888,継
8889,徏
8890,淰
8891,鋗
8892,篅
8893,瘐
8894,羶
8895,俈
8896,牿
8897,麤
8898,沕
8899,棁
8900,眀
8901,畺
8902,崗
8903,胐
8904,劁
8905,猲
8906,簬
8907,饽
8908,崺
8909,嚇
8910,蜧
8911,埫
8912,槅
8913,俙
8914,崞
8915,難
8916,銘
8917,迒
8918,齩
8919,暸
8920,儸
8921,
8922,夆
8923,绹
8924,棥
8925,涾
8926,靱
8927,栳
8928,蝯
8929,戭
8930,蛑
8931,豑
8932,俆
8933,黡
8934,袨
8935,籉
8936,睒
8937,芼
8938,歠
8939,癏
8940,拠
8941,颻
8942,荴
8943,髁
8944,儌
8945,翫
8946,酧
8947,藭
8948,叚
8949,璪
8950,鹐
8951,塳
8952,熣
8953,趐
8954,艼
8955,鸊
8956,囔
8957,蟇
8958,灉
8959,雵
8960,侓
8961,矽
8962,孹
8963,猧
8964,蓚
8965,琕
8966,渀
8967,鬱
8968,啱
8969,纙
8970,鯓
8971,眡
8972,駺
8973,葠
8974,暲
8975,疺
8976,娿
8977,飊
8978,蚜
8979,踨
8980,亊
8981,疒
8982,哌
8983,蝱
8984,螀
8985,晢
8986,毬
8987,椊
8988,劘
8989,鴠
8990,晈
8991,憵
8992,垕
8993,騢
8994,膧
8995,踰
8996,薷
8997,茖
8998,儍
8999,鷮
9000,殗
9001,抲
9002,鍭
9003,薖
9004,塗
9005,窐
9006,藦
9007,鵲
9008,經
9009,妟
9010,簦
9011,袿
9012,埇
9013,髮
9014,轘
9015,隨
9016,愙
9017,穄
9018,炻
9019,汣
9020,歘
9021,畕
9022,傢
9023,蟓
9024,佷
9025,敩
9026,黐
9027,壷
9028,嫛
9029,婗
9030,獞
9031,獳
9032,猳
9033,烱
9034,岴
9035,篸
9036,撠
9037,挶
9038,鍳
9039,坅
9040,硊
9041,閍
9042,芧
9043,敶
9044,邧
9045,滠
9046,強
9047,逴
9048,跞
9049,疳
9050,圐
9051,圙
9052,鳸
9053,檝
9054,睱
9055,菶
9056,勚
9057,洿
9058,撘
9059,竗
9060,鱇
9061,鱽
9062,喤
9063,礤
9064,蒻
9065,愰
9066,懩
9067,稆
9068,腈
9069,柶
9070,蝓
9071,馣
9072,喎
9073,
9074,祌
9075,鋤
9076,藼
9077,脲
9078,僩
9079,臙
9080,斵
9081,飝
9082,贔
9083,靐
9084,嚞
9085,硿
9086,韔
9087,茮
9088,惔
9089,齴
9090,鄗
9091,嘅
9092,迶
9093,妸
9094,楤
9095,芲
9096,儁
9097,愽
9098,溁
9099,噚
9100,碡
9101,斚
9102,瘙
9103,厒
9104,綷
9105,胹
9106,笘
9107,茓
9108,眴
9109,驦
9110,騧
9111,贉
9112,夝
9113,殻
9114,廘
9115,雔
9116,傾
9117,鏶
9118,酏
9119,艑
9120,霗
9121,晅
9122,骟
9123,鑒
9124,筴
9125,曽
9126,媵
